title,category,publish_date,title_en,title_en_stopwords_removed,sentiment
IHSG Hari Ini Diprediksi Melemah di Level 7.200-7.300,detikFinance,2024-11-28 08:51:00,"IHSG Today Predicted to Weaken at Level 7,200-7,300","IHSG Today Predicted Weaken Level 7,200-7,300",NEGATIVE
IHSG Hari Ini Diramal Bergerak di Level 7.100-7.200,detikFinance,2024-11-19 08:49:00,"IHSG Today Predicted to Move at Level 7,100-7,200","IHSG Today Predicted Move Level 7,100-7,200",POSITIVE
Berapa Harga Saham BBCA Hari Ini?,detikFinance,2024-11-11 12:45:00,What is the Price of BBCA Shares Today?,Price BBCA Shares Today ?,NEGATIVE
Masuk Daftar 45 Saham Pre-opening Saham GOTO Makin Likuid?,detikFinance,2024-10-29 08:30:00,Enter the List of 45 Pre-opening Stocks Are GOTO Stocks Increasingly Liquid?,Enter List 45 Pre-opening Stocks GOTO Stocks Increasingly Liquid ?,POSITIVE
BCA Pemberi Utang Terbesar ke Sritex Respons soal Kondisi Pailit,detikFinance,2024-10-29 07:45:00,"BCA, Sritex's Largest Lender, Responds to Bankruptcy","BCA , Sritex 's Largest Lender , Responds Bankruptcy",NEGATIVE
Rincian Utang Bejibun Sritex ke 28 Bank,detikFinance,2024-10-29 07:27:00,Details of Sritex's Huge Debts to 28 Banks,Details Sritex 's Huge Debts 28 Banks,NEGATIVE
Bos Buruh Ungkap Sritex Pailit Gara-gara Sulit Bayar Utang,detikFinance,2024-10-24 15:16:00,Labor Boss Reveals Sritex Bankrupt Due to Difficulty Paying Debts,Labor Boss Reveals Sritex Bankrupt Due Difficulty Paying Debts,NEGATIVE
IHSG Pagi Ini Lesu di Level 7.496,detikFinance,2024-10-07 09:23:00,"IHSG This Morning is Sluggish at Level 7,496","IHSG Morning Sluggish Level 7,496",NEGATIVE
IHSG Diprediksi Menguat Ini Saham yang Bakal Cuan,detikFinance,2024-10-07 08:38:00,"IHSG Predicted to Strengthen, These Are the Stocks That Will Make Profit","IHSG Predicted Strengthen , Stocks Make Profit",POSITIVE
IHSG Hari Ini Berpotensi Melemah Simak Rekomendasi Sahamnya,detikFinance,2024-10-04 08:45:00,"IHSG Today Has Potential to Weaken, Check Out the Stock Recommendations","IHSG Today Potential Weaken , Check Stock Recommendations",NEGATIVE
Simak! Rekomendasi Saham Akhir Pekan,detikFinance,2024-09-20 08:53:00,Check Out! Weekend Stock Recommendations,Check ! Weekend Stock Recommendations,POSITIVE
IHSG Hari Ini Dibuka Menguat ke 7.807,detikFinance,2024-09-13 09:27:00,"IHSG Today Opens Stronger to 7,807","IHSG Today Opens Stronger 7,807",POSITIVE
Masih Lesu IHSG Dibuka Turun ke Level 7.591,detikFinance,2024-08-28 09:29:00,"Still Sluggish, IHSG Opens Down to Level 7,591","Still Sluggish , IHSG Opens Level 7,591",NEGATIVE
IHSG Pagi Ini Dibuka Lesu ke Level 7.592,detikFinance,2024-08-27 09:22:00,"IHSG Opens Weakly at Level 7,592 This Morning","IHSG Opens Weakly Level 7,592 Morning",NEGATIVE
Kemarin Lesu Seharian IHSG Kembali ke Zona Hijau di Level 7.500-an,detikFinance,2024-08-23 09:27:00,"Yesterday's Sluggish All Day, IHSG Returns to the Green Zone at Level 7,500","Yesterday 's Sluggish Day , IHSG Returns Green Zone Level 7,500",NEGATIVE
IHSG Dibuka Lesu Turun ke Level 7.400-an,detikFinance,2024-08-22 09:39:00,"IHSG Opens Weakly, Drops to Level 7,400","IHSG Opens Weakly , Drops Level 7,400",NEGATIVE
IHSG Dibuka Naik 035% ke Level 7.382,detikFinance,2024-08-14 09:15:00,"IHSG Opens Up 035% to Level 7,382","IHSG Opens 035 % Level 7,382",POSITIVE
Bikin Mata Seger IHSG Dibuka Menguat Lagi,detikFinance,2024-08-09 09:13:00,Makes Eyes Fresh IHSG Opens Up Again,Makes Eyes Fresh IHSG Opens,POSITIVE
IHSG Dibuka Melemah Lagi Nyaris Tinggalkan Zona 7.200-an,detikFinance,2024-08-08 09:10:00,"IHSG Opens Weak Again, Almost Leaving the 7,200 Zone","IHSG Opens Weak , Almost Leaving 7,200 Zone",NEGATIVE
Usia Anjlok IHSG Pagi Ini Naik 087% ke Level 7.120,detikFinance,2024-08-06 09:15:00,"Age of IHSG Plunge This Morning Up 087% to Level 7,120","Age IHSG Plunge Morning 087 % Level 7,120",NEGATIVE
IHSG Bergerak di Zona Merah ke Level 7.313 Simak Rekomendasi Sahamnya,detikFinance,2024-08-02 09:19:00,"IHSG Moves in the Red Zone to Level 7,313, Check Out the Stock Recommendations","IHSG Moves Red Zone Level 7,313 , Check Stock Recommendations",POSITIVE
IHSG Dibuka di Zona Merah,detikFinance,2024-07-30 09:36:00,IHSG Opens in the Red Zone,IHSG Opens Red Zone,POSITIVE
IHSG Dibuka Menguat di Awal Pekan Begini Pergerakannya,detikFinance,2024-07-29 09:13:00,"IHSG Opens Stronger at the Beginning of the Week, Here's How It Moves","IHSG Opens Stronger Beginning Week , 's Moves",POSITIVE
IHSG Hijau Seharian 327 Saham Menguat,detikFinance,2024-07-26 17:14:00,"IHSG Green All Day, 327 Stocks Strengthen","IHSG Green Day , 327 Stocks Strengthen",POSITIVE
Daftar Saham LQ45 Terbaru: Emiten Sandiaga Uno Keluar Jasa Marga Masuk,detikFinance,2024-07-26 13:30:00,"Latest LQ45 Stock List: Issuer Sandiaga Uno Exits, Jasa Marga Enters","Latest LQ45 Stock List : Issuer Sandiaga Uno Exits , Jasa Marga Enters",NEGATIVE
196 Saham Naik IHSG Hari Ini Dibuka Menguat ke 7.263,detikFinance,2024-07-26 09:11:00,"196 Stocks Rise, IHSG Opens Higher Today to 7,263","196 Stocks Rise , IHSG Opens Higher Today 7,263",POSITIVE
IHSG dan Bursa Asia Kompak di Zona Merah,detikFinance,2024-07-24 09:22:00,IHSG and Asian Stock Exchanges Compact in the Red Zone,IHSG Asian Stock Exchanges Compact Red Zone,NEGATIVE
IHSG Hari Ini Menguat Bursa Asia Bergerak Variatif,detikFinance,2024-07-23 09:33:00,"IHSG Strengthens Today, Asian Stock Exchanges Move Variably","IHSG Strengthens Today , Asian Stock Exchanges Move Variably",POSITIVE
IHSG Awal Pekan Dibuka di Zona Hijau,detikFinance,2024-07-22 09:36:00,IHSG Opens in Green Zone at the Beginning of the Week,IHSG Opens Green Zone Beginning Week,POSITIVE
Akhir Pekan IHSG Dibuka Lesu,detikFinance,2024-07-19 09:19:00,IHSG Weekend Opens Weakly,IHSG Weekend Opens Weakly,NEGATIVE
IHSG Dibuka di Zona Hijau Naik 067% ke 7.349,detikFinance,2024-07-12 09:14:00,"IHSG Opens in Green Zone Up 067% to 7,349","IHSG Opens Green Zone 067 % 7,349",POSITIVE
IHSG Diprediksi Melemah Simak Rekomendasi Sahamnya,detikFinance,2024-07-12 08:24:00,"IHSG Predicted to Weaken, Check Out the Stock Recommendations","IHSG Predicted Weaken , Check Stock Recommendations",NEGATIVE
IHSG Pagi Ini Dibuka di Zona Hijau ke Level 7.277,detikFinance,2024-07-10 09:21:00,"IHSG Opens in Green Zone This Morning at Level 7,277","IHSG Opens Green Zone Morning Level 7,277",POSITIVE
IHSG Senin Pagi Bergerak di Zona Merah ke Level 7.242,detikFinance,2024-07-08 09:08:00,"IHSG Monday Morning Moves in the Red Zone to Level 7,242","IHSG Monday Morning Moves Red Zone Level 7,242",POSITIVE
IHSG Diprediksi Menguat Simak Sentimen Domestik dan Global,detikFinance,2024-07-08 08:44:00,IHSG Predicted to Strengthen Considering Domestic and Global Sentiment,IHSG Predicted Strengthen Considering Domestic Global Sentiment,POSITIVE
Awal Pekan IHSG Dibuka di Zona Hijau,detikFinance,2024-06-24 09:21:00,IHSG Opens in the Green Zone at the Beginning of the Week,IHSG Opens Green Zone Beginning Week,POSITIVE
Usai Libur Panjang IHSG Hari Ini Diprediksi Melemah,detikFinance,2024-06-19 08:45:00,"After Long Holiday, IHSG Predicted to Weaken Today","Long Holiday , IHSG Predicted Weaken Today",NEGATIVE
Top! Jumlah Investor BBRI Naik Signifikan dalam 4 Bulan Terakhir,detikFinance,2024-06-13 17:07:00,Top! Number of BBRI Investors Increases Significantly in the Last 4 Months,Top ! Number BBRI Investors Increases Significantly Last 4 Months,POSITIVE
Ada 'Diskon' Harga Saham Jumlah Investor BBRI Tembus Setengah Juta,detikFinance,2024-06-13 16:18:00,"There is a 'Discount' on Stock Prices, Number of BBRI Investors Reaches Half a Million","'Discount ' Stock Prices , Number BBRI Investors Reaches Half Million",POSITIVE
IHSG Dibuka di Zona Hijau Diramal Mantul Hari Ini,detikFinance,2024-06-13 09:11:00,"IHSG Opens in Green Zone, Predicted to Bounce Today","IHSG Opens Green Zone , Predicted Bounce Today",POSITIVE
IHSG Rabu Pagi Bergerak ke Zona Merah di Level 6.851,detikFinance,2024-06-12 09:15:00,"IHSG Wednesday Morning Moves to Red Zone at Level 6,851","IHSG Wednesday Morning Moves Red Zone Level 6,851",POSITIVE
Awal Pekan IHSG Dibuka ke Level 6.897,detikFinance,2024-06-10 09:08:00,"IHSG Opens at 6,897 at the Beginning of the Week","IHSG Opens 6,897 Beginning Week",POSITIVE
IHSG Ditutup Melemah Tinggalkan Level 7.000!,detikFinance,2024-06-05 16:45:00,"IHSG Closes Lower Leaving 7,000 Level!","IHSG Closes Lower Leaving 7,000 Level !",NEGATIVE
IHSG Dibuka Menguat tapi Tak Lama Melempem ke Zona Merah,detikFinance,2024-06-05 09:18:00,IHSG Opens Stronger but Soon Drops to Red Zone,IHSG Opens Stronger Soon Drops Red Zone,POSITIVE
Obligasi Pemerintah Disebut Investasi Paling Aman Ini Alasannya,detikFinance,2024-05-30 10:31:00,"Government Bonds Are Called the Safest Investment, Here's Why","Government Bonds Called Safest Investment , 's",POSITIVE
IHSG Selasa Pagi Dibuka ke Level 7.099,detikFinance,2024-05-14 09:15:00,"IHSG Opens at Level 7,099 on Tuesday Morning","IHSG Opens Level 7,099 Tuesday Morning",POSITIVE
Awal Pekan IHSG Bergerak di Zona Merah ke 7.069,detikFinance,2024-05-13 09:19:00,"Early Week IHSG Moves in the Red Zone to 7,069","Early Week IHSG Moves Red Zone 7,069",POSITIVE
Akhir Pekan IHSG Masih Betah di Zona Merah,detikFinance,2024-04-26 09:13:00,IHSG Weekend Still Comfortable in the Red Zone,IHSG Weekend Still Comfortable Red Zone,POSITIVE
Kompak Dengan Bursa Asia IHSG Mengawali Pekan Dengan Penguatan,detikFinance,2024-04-22 09:17:00,"Compact With Asian Stock Exchanges, IHSG Starts Week With Strengthening","Compact Asian Stock Exchanges , IHSG Starts Week Strengthening",POSITIVE
Jelang Akhir Pekan IHSG Dibuka Turun ke Level 7.166,detikFinance,2024-04-19 09:10:00,"Ahead of Weekend, IHSG Opens Down to Level 7,166","Ahead Weekend , IHSG Opens Level 7,166",POSITIVE
IHSG Pagi Ini Dibuka di Level 7.166,detikFinance,2024-04-04 09:08:00,"IHSG Opens at Level 7,166 This Morning","IHSG Opens Level 7,166 Morning",POSITIVE
Alhamdulillah IHSG Hari Ini di Zona Hijau!,detikFinance,2024-03-27 09:23:00,"Alhamdulillah, IHSG is in the Green Zone Today!","Alhamdulillah , IHSG Green Zone Today !",POSITIVE
Duh IHSG Masih Loyo Terus Nih,detikFinance,2024-03-26 09:12:00,"Oh My, IHSG is Still Weak","Oh , IHSG Still Weak",NEGATIVE
IHSG Diprediksi Terkoreksi di 7.280-7.338 Analis Rekomendasi Saham Ini,detikFinance,2024-03-19 08:20:00,"IHSG Predicted to be Corrected at 7,280-7,338 Analysts Recommend These Stocks","IHSG Predicted Corrected 7,280-7,338 Analysts Recommend Stocks",POSITIVE
IHSG Kembali Dibuka Menguat ke 7.341 Menguat 015%,detikFinance,2024-03-07 09:13:00,"IHSG Reopens Stronger to 7,341, Up 015%","IHSG Reopens Stronger 7,341 , 015 %",POSITIVE
Simak! Saham Pilihan buat Akhir Pekan,detikFinance,2024-03-01 09:02:00,Check Out! Stock Picks for the Weekend,Check ! Stock Picks Weekend,POSITIVE
Daftar 6 Bank dengan Aset Terbesar RI BSI Balap CIMB Niaga,detikFinance,2024-02-23 14:11:00,List of 6 Banks with the Largest Assets in Indonesia BSI Balap CIMB Niaga,List 6 Banks Largest Assets Indonesia BSI Balap CIMB Niaga,POSITIVE
Analis Pasar Modal Prediksi Saham BRIS Bisa Tembus Rp 2.700,detikFinance,2024-02-22 12:41:00,"Capital Market Analyst Predicts BRIS Shares Could Reach IDR 2,700","Capital Market Analyst Predicts BRIS Shares Could Reach IDR 2,700",POSITIVE
Pajak 100 Orang Terkaya RI Mau 'Dipelototi' Anies Ini Daftar Namanya,detikFinance,2023-12-28 07:30:00,"Taxes of 100 Richest People in Indonesia Want to be 'Glanced at' by Anies, Here is the List of Their Names","Taxes 100 Richest People Indonesia Want 'Glanced ' Anies , List Names",NEGATIVE
Anies Mau 'Pelototi' Pajak 100 Orang Terkaya RI Ini Daftar Namanya,detikFinance,2023-12-27 15:38:00,"Anies Wants to 'Keep an Eye on' the Taxes of the 100 Richest People in Indonesia, Here's the List of Their Names","Anies Wants 'Keep Eye ' Taxes 100 Richest People Indonesia , 's List Names",POSITIVE
Deretan Emiten Saham di Lingkaran Koalisi Capres-Cawapres,detikFinance,2023-12-04 06:30:00,List of Stock Issuers in the Presidential and Vice Presidential Candidate Coalition Circle,List Stock Issuers Presidential Vice Presidential Candidate Coalition Circle,POSITIVE
Emiten Saham di Lingkaran Capres-Cawapres Ada Dampaknya?,detikFinance,2023-12-03 22:13:00,Is There an Impact on Stock Issuers in the Presidential and Vice Presidential Candidate Circles?,Impact Stock Issuers Presidential Vice Presidential Candidate Circles ?,NEGATIVE
Blue Chip,detikFinance,2023-11-02 12:20:00,Blue Chip,Blue Chip,POSITIVE
Buruan Cek! Rekening BCA dengan Saldo Segini Ditutup Hari Ini,detikFinance,2023-11-01 06:25:00,Hurry Up and Check! BCA Accounts with This Balance Will Be Closed Today,Hurry Check ! BCA Accounts Balance Closed Today,POSITIVE
BCA Borong 71.500 ton CO2 di Bursa Karbon Indonesia,detikFinance,2023-10-20 14:52:00,"BCA Purchases 71,500 Tons of CO2 at Indonesian Carbon Exchange","BCA Purchases 71,500 Tons CO2 Indonesian Carbon Exchange",POSITIVE
Bursa Asia Mayoritas Melemah IHSG Hari Ini Dibuka di Dua Arah,detikFinance,2023-10-18 09:15:00,"Asian Stock Exchanges Weaken, IHSG Opens in Two Directions Today","Asian Stock Exchanges Weaken , IHSG Opens Two Directions Today",NEGATIVE
Saham Apa yang Bisa Jadi Pilihan Hari Ini? Nih Daftarnya,detikFinance,2023-10-18 08:40:00,What Stocks Could Be an Option Today? Here's the List,Stocks Could Option Today ? 's List,POSITIVE
Simak Saham-saham Pilihan Hari Ini Mana yang Bisa Kasih Cuan?,detikFinance,2023-10-12 08:35:00,"Check Out Today's Selected Stocks, Which Ones Can Give You Profit?","Check Today 's Selected Stocks , Ones Give Profit ?",POSITIVE
IHSG Hari Ini Dibuka di Zona Hijau,detikFinance,2023-10-05 09:16:00,IHSG Opens in the Green Zone Today,IHSG Opens Green Zone Today,POSITIVE
Catat! BCA Tutup Rekening dengan Saldo Rp 0 Mulai 1 November 2023,detikFinance,2023-09-29 08:45:00,"Take Note! BCA Closes Accounts with Rp 0 Balance Starting November 1, 2023","Take Note ! BCA Closes Accounts Rp 0 Balance Starting November 1 , 2023",NEGATIVE
Pengin Cuan Tambahan? Simak Dulu Saham-saham Ini,detikFinance,2023-09-20 08:36:00,Want Extra Profit? Check Out These Stocks First,Want Extra Profit ? Check Stocks First,POSITIVE
Simak Saham-saham Pilihan yang Berpotensi Kasih Cuan,detikFinance,2023-09-19 08:42:00,Check Out Selected Stocks That Have the Potential to Give Profit,Check Selected Stocks Potential Give Profit,POSITIVE
IHSG Hari Ini Menguat Makin Dekat ke 7.000,detikFinance,2023-09-18 09:06:00,"IHSG Today Strengthens Closer to 7,000","IHSG Today Strengthens Closer 7,000",POSITIVE
Bagaimana Pergerakan Harga Saham Awal Pekan?,detikFinance,2023-09-18 08:55:00,How Do Stock Prices Move at the Beginning of the Week?,Stock Prices Move Beginning Week ?,POSITIVE
IHSG Diprediksi Bergerak ke 6.954 Simak Rekomendasi Saham Hari Ini,detikFinance,2023-09-14 08:38:00,"IHSG Predicted to Move to 6,954 Check Out Today's Stock Recommendations","IHSG Predicted Move 6,954 Check Today 's Stock Recommendations",POSITIVE
IHSG Hari Ini Dibuka di Zona Merah,detikFinance,2023-09-13 09:32:00,IHSG Opens in the Red Zone Today,IHSG Opens Red Zone Today,POSITIVE
IHSG Masih Merah di Perdagangan Awal Pekan,detikFinance,2023-09-11 09:22:00,IHSG Still Red in Early Week Trading,IHSG Still Red Early Week Trading,POSITIVE
Akhir Pekan IHSG Sempat Dibuka Hijau Eh Merah Lagi,detikFinance,2023-09-08 09:28:00,IHSG Weekend Opened Green Then Red Again,IHSG Weekend Opened Green Red,POSITIVE
IHSG Dibuka Hijau Mendekati Level 7.000,detikFinance,2023-08-30 09:22:00,"IHSG Opens Green Approaching Level 7,000","IHSG Opens Green Approaching Level 7,000",POSITIVE
IHSG Dibuka ke Level 6.921 Bursa Asia Serentak Hijau,detikFinance,2023-08-29 09:42:00,"IHSG Opens at Level 6,921, Asian Stock Exchanges Simultaneously Green","IHSG Opens Level 6,921 , Asian Stock Exchanges Simultaneously Green",POSITIVE
IHSG Pagi Ini Dibuka Menguat ke 6.895 Bursa Asia Melesat,detikFinance,2023-08-28 09:50:00,"IHSG Opens Up This Morning to 6,895, Asian Stock Exchanges Soar","IHSG Opens Morning 6,895 , Asian Stock Exchanges Soar",POSITIVE
IHSG Dibuka Merah ke 6.894 Turun 007%,detikFinance,2023-08-25 09:08:00,"IHSG Opens Red to 6,894 Down 007%","IHSG Opens Red 6,894 007 %",POSITIVE
IHSG Pagi Ini Dibuka Merah di 6.919 Turun 002%,detikFinance,2023-08-24 09:15:00,"IHSG Opens in the Red at 6,919 This Morning Down 002%","IHSG Opens Red 6,919 Morning 002 %",POSITIVE
3 Fakta Bos BCA Kasih Hadiah Saham Rp 74 Miliar ke Anaknya,detikFinance,2023-08-22 06:30:00,3 Facts About BCA Boss Giving Rp 74 Billion in Stocks as a Gift to His Son,3 Facts BCA Boss Giving Rp 74 Billion Stocks Gift Son,NEGATIVE
Sisa Kepemilikan Saham Bos BCA Usai Beri Hadiah Senilai Rp 74 M ke Anaknya,detikFinance,2023-08-21 14:04:00,BCA Boss's Remaining Share Ownership After Giving Rp 74 Billion Worth of Gift to His Son,BCA Boss 's Remaining Share Ownership Giving Rp 74 Billion Worth Gift Son,POSITIVE
Bos BCA Beri Hadiah Saham buat Dua Anaknya Senilai Rp 74 Miliar!,detikFinance,2023-08-21 11:09:00,BCA Boss Gives Shares as Gifts to His Two Children Worth IDR 74 Billion!,BCA Boss Gives Shares Gifts Two Children Worth IDR 74 Billion !,POSITIVE
IHSG Sempat Dibuka Melemah Lalu Balik Arah Menguat!,detikFinance,2023-08-15 09:31:00,IHSG Opened Weak Then Turned Around to Strengthen!,IHSG Opened Weak Turned Around Strengthen !,POSITIVE
Lanjutkan Pelemahan IHSG Pagi Ini Dibuka Melemah di 6.875,detikFinance,2023-08-02 09:09:00,"Continue Weakening of IHSG This Morning Opens Weak at 6,875","Continue Weakening IHSG Morning Opens Weak 6,875",NEGATIVE
Seharian Merah IHSG Ditutup Melemah 065% ke Level 6.886,detikFinance,2023-08-01 16:35:00,"IHSG Closes Red All Day Down 065% to Level 6,886","IHSG Closes Red Day 065 % Level 6,886",NEGATIVE
Bahana Prediksi IHSG Tembus 7.200 Sampai Akhir 2023,detikFinance,2023-08-01 15:55:00,"Bahana Predicts IHSG Will Reach 7,200 by End of 2023","Bahana Predicts IHSG Reach 7,200 End 2023",POSITIVE
IHSG Selasa Pagi Dibuka Melemah ke Level 6.915,detikFinance,2023-08-01 09:14:00,"IHSG Opens Lower on Tuesday Morning at 6,915","IHSG Opens Lower Tuesday Morning 6,915",NEGATIVE
Laba BCA Naik 34% Tembus Rp 242 T Selama 6 Bulan 2023,detikFinance,2023-07-24 16:36:00,BCA Profit Increases 34% to IDR 242 T for 6 Months of 2023,BCA Profit Increases 34 % IDR 242 6 Months 2023,POSITIVE
IHSG Pagi Ini Dibuka Menguat 31 Poin ke Level 6.898,detikFinance,2023-07-18 09:13:00,"IHSG Opens This Morning Up 31 Points to Level 6,898","IHSG Opens Morning 31 Points Level 6,898",POSITIVE
IHSG Pagi Ini Dibuka Merah Turun 012%,detikFinance,2023-06-19 09:19:00,IHSG Opens Red This Morning Down 012%,IHSG Opens Red Morning 012 %,POSITIVE
IHSG Pagi Ini Dibuka Menguat Tipis di 6.719,detikFinance,2023-06-16 09:15:00,"IHSG Opens Slightly Higher This Morning at 6,719","IHSG Opens Slightly Higher Morning 6,719",POSITIVE
IHSG Dibuka di Dua Arah Bursa Asia 'Kebakaran',detikFinance,2023-05-24 09:04:00,IHSG Opens in Two Directions Asian Stock Exchanges 'On Fire',IHSG Opens Two Directions Asian Stock Exchanges 'On Fire ',POSITIVE
Tiket Coldplay Mulai Dijual Saham BCA Merangkak Naik!,detikFinance,2023-05-17 14:56:00,Coldplay Tickets Go On Sale BCA Stocks Crawling Up!,Coldplay Tickets Go Sale BCA Stocks Crawling !,POSITIVE
Geger Krisis Perbankan di AS Investasi Apa yang Aman?,detikFinance,2023-05-08 06:30:00,Banking Crisis in the US What Investments Are Safe?,Banking Crisis US Investments Safe ?,NEGATIVE
IHSG Dibuka Hijau Senada dengan Bursa Asia,detikFinance,2023-03-17 09:04:00,IHSG Opens Green in Line with Asian Stock Exchanges,IHSG Opens Green Line Asian Stock Exchanges,POSITIVE
Belum Mampu Rebound IHSG Masih Melemah,detikFinance,2023-03-16 09:06:00,"Not Yet Able to Rebound, IHSG Still Weakens","Yet Able Rebound , IHSG Still Weakens",POSITIVE
IHSG Babak Belur Dihantam Efek Bank Silicon Valley Bagaimana Proyeksinya?,detikFinance,2023-03-14 18:00:00,IHSG Battered by Silicon Valley Bank Effects What is the Projection?,IHSG Battered Silicon Valley Bank Effects Projection ?,NEGATIVE
Efek Bank Silicon Valley Bangkrut Saham Perbankan-Teknologi Amsyong,detikFinance,2023-03-14 14:27:00,Silicon Valley Bank Bankruptcy Effects Banking-Technology Stocks Amsyong,Silicon Valley Bank Bankruptcy Effects Banking-Technology Stocks Amsyong,NEGATIVE
Ada Waran Terstruktur Baru di BEI Ini Keuntungannya,detikFinance,2023-02-13 13:18:00,"There are New Structured Warrants on the IDX, Here are the Benefits","New Structured Warrants IDX , Benefits",POSITIVE
IHSG Diramal Bergerak di Rentang 6.772-6.900,detikFinance,2023-02-13 08:37:00,"IHSG Predicted to Move in the Range of 6,772-6,900","IHSG Predicted Move Range 6,772-6,900",POSITIVE
Emiten Bank Raksasa Dulang Cuan Jumbo Bagaimana Prospek Sahamnya?,detikFinance,2023-01-30 06:30:00,Giant Bank Issuers Earn Huge Profits What Are Their Stock Prospects?,Giant Bank Issuers Earn Huge Profits Stock Prospects ?,POSITIVE
Kinerja BCA Masih Moncer 2022 Raup Laba Bersih Rp 40 Triliun!,detikFinance,2023-01-26 15:33:00,"BCA's Performance Still Brilliant in 2022, Earning IDR 40 Trillion in Net Profit!","BCA 's Performance Still Brilliant 2022 , Earning IDR 40 Trillion Net Profit !",POSITIVE
Emiten SCTV dan Sandiaga Masuk LQ45 Ini Daftar Terbarunya,detikFinance,2023-01-26 11:06:00,"Issuers SCTV and Sandiaga Enter LQ45, Here's the Latest List","Issuers SCTV Sandiaga Enter LQ45 , 's Latest List",POSITIVE
Tunggu The Fed Saham Tech Diramal Bakal Jadi Market Leader Global,detikFinance,2023-01-10 14:45:00,"Waiting for the Fed, Tech Stocks Are Predicted to Become Global Market Leaders","Waiting Fed , Tech Stocks Predicted Become Global Market Leaders",NEGATIVE
Deretan Saham yang Patut Dilirik Saat IHSG Diramal Naik Hari Ini,detikFinance,2023-01-09 09:32:00,List of Stocks Worth Looking At When IHSG Is Predicted to Rise Today,List Stocks Worth Looking IHSG Predicted Rise Today,POSITIVE
Saham GOTO Pelan-pelan Naik Apa Penggeraknya?,detikFinance,2023-01-09 08:40:00,GOTO Stock Slowly Rises What's Driving It?,GOTO Stock Slowly Rises 's Driving ?,POSITIVE
Jadi Orang Terkaya RI Ini Bisnis Low Tuck Kwong dan Duo Hartono,detikFinance,2022-12-26 14:38:00,"So This Is The Richest Person In Indonesia, Low Tuck Kwong And The Hartono Duo's Business","Richest Person Indonesia , Low Tuck Kwong Hartono Duo 's Business",POSITIVE
IHSG Diramal Rebound Hari Ini Intip Rekomendasi Sahamnya,detikFinance,2022-12-08 08:34:00,"IHSG Predicted to Rebound Today, Check Out the Stock Recommendations","IHSG Predicted Rebound Today , Check Stock Recommendations",POSITIVE
Sumber Kekayaan Hartono Bersaudara Kakak Beradik Berharta Rp 695 T,detikFinance,2022-11-09 08:00:00,The Source of the Hartono Brothers' Wealth The Brothers Have IDR 695 T,Source Hartono Brothers ' Wealth Brothers IDR 695,POSITIVE
Gembok Saham GoTo Bakal Dibuka Investor Jangan Grasa-grusu,detikFinance,2022-10-25 12:24:00,"GoTo Stock Lock Will Be Opened by Investors, Don't Be Hasty","GoTo Stock Lock Opened Investors , n't Hasty",POSITIVE
Mantap IPO Blibli Jamin Grup Djarum Nggak Bakal Cabut,detikFinance,2022-10-18 18:19:00,Blibli's IPO guarantees that the Djarum Group will not be withdrawn,Blibli 's IPO guarantees Djarum Group withdrawn,NEGATIVE
Investor Asing Diam-diam Borong Saham GOTO,detikFinance,2022-10-16 23:00:00,Foreign Investors Secretly Buy Up GOTO Shares,Foreign Investors Secretly Buy GOTO Shares,NEGATIVE
Ikut Jejak Jahja 2 Direksi BCA Lepas Saham Rp 79 Miliar,detikFinance,2022-09-20 15:37:00,"Following in Jahja's Footsteps, 2 BCA Directors Release Rp 79 Billion in Shares","Following Jahja 's Footsteps , 2 BCA Directors Release Rp 79 Billion Shares",POSITIVE
Bos BCA Jual 1 Juta Lembar Saham Sebagian buat Renovasi Rumah,detikFinance,2022-09-18 17:34:00,"BCA Boss Sells 1 Million Shares, Partly for Home Renovation","BCA Boss Sells 1 Million Shares , Partly Home Renovation",NEGATIVE
Harga Saham BCA Tembus Rp 8.700 Harta Duo Hartono To The Moon,detikFinance,2022-09-16 13:55:00,"BCA Share Price Reaches Rp 8,700, Hartono Duo's Treasure To The Moon","BCA Share Price Reaches Rp 8,700 , Hartono Duo 's Treasure Moon",POSITIVE
IHSG Menguat Jelang Akhir Pekan Ini Saham-saham yang Bisa Kasih Cuan,detikFinance,2022-08-26 09:26:00,"IHSG Strengthens Ahead of This Weekend, Stocks That Can Provide Profit","IHSG Strengthens Ahead Weekend , Stocks Provide Profit",POSITIVE
IHSG Dibuka 2 Arah Ini Saham-saham yang Layak Dikoleksi,detikFinance,2022-08-25 09:06:00,"IHSG Opens in 2 Directions, These Are the Stocks Worth Collecting","IHSG Opens 2 Directions , Stocks Worth Collecting",POSITIVE
Hari Kejepit IHSG Bergerak Terbatas,detikFinance,2022-08-15 08:44:00,IHSG's Clamping Day Moves Limitedly,IHSG 's Clamping Day Moves Limitedly,NEGATIVE
IHSG Tembus Level 7.000 Lagi!,detikFinance,2022-07-29 09:12:00,"IHSG Breaks Through Level 7,000 Again!","IHSG Breaks Level 7,000 !",POSITIVE
IHSG Menguat Lagi Terus Dekati Level 7.000,detikFinance,2022-07-28 09:10:00,"IHSG Strengthens Again, Continues to Approach Level 7,000","IHSG Strengthens , Continues Approach Level 7,000",POSITIVE
Marak Sentimen Negatif IHSG Bakal Bergerak Terbatas,detikFinance,2022-07-15 08:46:00,Rampant Negative Sentiment Will Make IHSG Move Limitedly,Rampant Negative Sentiment Make IHSG Move Limitedly,NEGATIVE
IHSG Hari Ini Dibuka Perkasa Melesat 1%,detikFinance,2022-07-08 09:07:00,"IHSG Opens Strong Today, Soaring 1%","IHSG Opens Strong Today , Soaring 1 %",POSITIVE
Boris Johnson Mau Mundur IHSG Kena Efeknya?,detikFinance,2022-07-07 16:49:00,"Boris Johnson Wants to Resign, Will IHSG Be Affected?","Boris Johnson Wants Resign , IHSG Affected ?",NEGATIVE
IHSG Dibuka 2 Arah Ini Saham-saham yang Bisa Cuan,detikFinance,2022-07-07 09:08:00,"IHSG Opens in 2 Directions, These Are the Stocks That Can Make Profit","IHSG Opens 2 Directions , Stocks Make Profit",POSITIVE
IHSG Dibuka Loyo Cek Saham-saham Rekomendasi Ini,detikFinance,2022-07-06 09:14:00,"IHSG Opens Weakly, Check Out These Recommended Stocks","IHSG Opens Weakly , Check Recommended Stocks",NEGATIVE
Kemarin Anjlok IHSG Ada Potensi Rebound,detikFinance,2022-07-05 08:52:00,"Yesterday's IHSG Dropped, There's Potential for a Rebound","Yesterday 's IHSG Dropped , 's Potential Rebound",NEGATIVE
Alert! Pagi-pagi IHSG Jatuh Lebih dari 3%,detikFinance,2022-07-04 10:14:00,Alert! IHSG Falls More Than 3% Early in the Morning,Alert ! IHSG Falls 3 % Early Morning,NEGATIVE
Awal Pekan IHSG Dibuka Loyo Saham Apa yang Layak Dibeli?,detikFinance,2022-07-04 09:23:00,"IHSG Opens Weak at the Start of the Week, Which Stocks Are Worth Buying?","IHSG Opens Weak Start Week , Stocks Worth Buying ?",NEGATIVE
IHSG Hari Ini Dibuka Menguat Intip Saham-saham yang Layak Dibeli,detikFinance,2022-07-01 09:17:00,"IHSG Opens Stronger Today, Take a Peek at Stocks Worth Buying","IHSG Opens Stronger Today , Take Peek Stocks Worth Buying",POSITIVE
Jumbo! Ini Jumlah Anggaran 10 Perusahaan Raksasa RI untuk Gaji Karyawan,detikFinance,2022-06-27 13:00:00,Jumbo! This is the Budget Amount of 10 Giant Indonesian Companies for Employee Salaries,Jumbo ! Budget Amount 10 Giant Indonesian Companies Employee Salaries,NEGATIVE
Musim Bagi-bagi Dividen Bisa Dorong IHSG ke Zona Hijau,detikFinance,2022-06-27 08:51:00,Dividend Distribution Season Could Push IHSG into Green Zone,Dividend Distribution Season Could Push IHSG Green Zone,POSITIVE
The Fed Kerek Bunga Acuan 075% IHSG Langsung Terjun Bebas,detikFinance,2022-06-17 09:22:00,"The Fed Raises Benchmark Interest Rate by 0.75%, IHSG Immediately Plunges","Fed Raises Benchmark Interest Rate 0.75 % , IHSG Immediately Plunges",NEGATIVE
IHSG Merah Saham HMSP Hingga BMRI Bisa Jadi Pilihan,detikFinance,2022-06-09 09:05:00,"IHSG Red, HMSP to BMRI Stocks Could Be Options","IHSG Red , HMSP BMRI Stocks Could Options",NEGATIVE
Laju Penguatan Saham GoTo di Tengah Landainya IHSG,detikFinance,2022-06-03 06:15:00,GoTo Stock Strengthening Rate Amidst IHSG Slump,GoTo Stock Strengthening Rate Amidst IHSG Slump,POSITIVE
IHSG Dibuka Cerah Cek Menu-menu Cuan Ini,detikFinance,2022-05-30 09:28:00,"IHSG Opens Brightly, Check Out These Profitable Menus","IHSG Opens Brightly , Check Profitable Menus",POSITIVE
IHSG Melesat 1% Lebih Ini Saham-saham yang Bisa Kasih Cuan!,detikFinance,2022-05-27 09:07:00,IHSG Soars More Than 1% These Are the Stocks That Can Give You Profit!,IHSG Soars 1 % Stocks Give Profit !,POSITIVE
Membandingkan Kinerja GoTo dengan Saham Emiten Teknologi Global,detikFinance,2022-05-25 12:32:00,Comparing GoTo's Performance with Global Technology Issuer Stocks,Comparing GoTo 's Performance Global Technology Issuer Stocks,POSITIVE
Direktur Keuangan Borong 401 Ribu Saham BCA Nilainya Rp 3 Miliar!,detikFinance,2022-05-18 15:17:00,Finance Director Buys 401 Thousand BCA Shares Worth IDR 3 Billion!,Finance Director Buys 401 Thousand BCA Shares Worth IDR 3 Billion !,POSITIVE
Intip Gaji Komisaris Direksi Bank BUMN-Swasta Top RI Tembus Miliaran!,detikFinance,2022-05-17 18:30:00,"Peek at the Salaries of Commissioners and Directors of Top State-Owned and Private Banks in Indonesia, Reaching Billions!","Peek Salaries Commissioners Directors Top State-Owned Private Banks Indonesia , Reaching Billions !",POSITIVE
IHSG Hari Ini Dibuka 'Berdarah' Cek Saham-saham yang Bisa Dibeli!,detikFinance,2022-04-22 09:06:00,IHSG Opens 'Bloody' Today Check Out the Stocks You Can Buy!,IHSG Opens 'Bloody ' Today Check Stocks Buy !,POSITIVE
IHSG Hari Ini Tancap Gas! BBCA Hingga RALS Bisa Dijual,detikFinance,2022-04-18 09:30:00,IHSG Today Steps on the Gas! BBCA to RALS Can Be Sold,IHSG Today Steps Gas ! BBCA RALS Sold,POSITIVE
IHSG Hari Ini Dibuka Hijau Saham BBCA Hingga RALS Bisa Disantap,detikFinance,2022-04-14 09:08:00,"IHSG Opens Green Today, BBCA and RALS Shares Can Be Eaten","IHSG Opens Green Today , BBCA RALS Shares Eaten",POSITIVE
Mengenal Indeks Saham IDX30 Fungsi serta Daftar Lengkapnya,detikFinance,2022-04-13 09:31:00,"Getting to Know the IDX30 Stock Index, Its Functions and Complete List","Getting Know IDX30 Stock Index , Functions Complete List",POSITIVE
IHSG Hari Ini Dibuka Menguat BBCA Hingga PWON Bisa Jadi Santapan,detikFinance,2022-04-13 09:10:00,"IHSG Today Opens Stronger, BBCA to PWON Could Be a Meal","IHSG Today Opens Stronger , BBCA PWON Could Meal",POSITIVE
Apa Itu Market Cap? Ini Pengertian Cara Hitung hingga Strategi Investasinya,detikFinance,2022-04-06 18:39:00,"What is Market Cap? Here's the Definition, How to Calculate it and Investment Strategy","Market Cap ? 's Definition , Calculate Investment Strategy",POSITIVE
Masih Rugi Saham GoTo Layak Dibeli?,detikFinance,2022-03-30 13:29:00,"Still Losing, Are GoTo Shares Worth Buying?","Still Losing , GoTo Shares Worth Buying ?",NEGATIVE
IHSG Hari Ini Menguat Lagi Cek Saham-saham Pilihan,detikFinance,2022-03-18 09:13:00,IHSG Today Strengthens Again Check Selected Stocks,IHSG Today Strengthens Check Selected Stocks,POSITIVE
BCA Rombak Direksi dan Ganti Wadirut,detikFinance,2022-03-17 17:45:00,BCA Reshuffles Board of Directors and Replaces Deputy Director,BCA Reshuffles Board Directors Replaces Deputy Director,NEGATIVE
Mantap! BCA Bagi-bagi Dividen Rp 179 Triliun,detikFinance,2022-03-17 16:51:00,Awesome! BCA Distributes IDR 179 Trillion in Dividends,Awesome ! BCA Distributes IDR 179 Trillion Dividends,POSITIVE
IHSG Hari Ini Tembus ke Level 7.000!,detikFinance,2022-03-17 09:15:00,"IHSG Today Breaks Through Level 7,000!","IHSG Today Breaks Level 7,000 !",POSITIVE
IHSG Hari Ini 'Parkir' di 6.952 Masih Hijau,detikFinance,2022-03-16 12:43:00,"IHSG Today 'Parked' at 6,952 Still Green","IHSG Today 'Parked ' 6,952 Still Green",NEGATIVE
IHSG Hari Ini Menguat ke 6.952 Cek Saham yang Bisa Cuan,detikFinance,2022-03-16 09:24:00,"IHSG Today Strengthens to 6,952 Check Stocks That Can Make Profit","IHSG Today Strengthens 6,952 Check Stocks Make Profit",POSITIVE
IHSG Hari Ini Menguat Simak Saham-saham yang Berpotensi Cuan!,detikFinance,2022-03-15 09:38:00,"IHSG Strengthens Today, Check Out Stocks That Have Profit Potential!","IHSG Strengthens Today , Check Stocks Profit Potential !",POSITIVE
IHSG Hari Ini Dibuka Menguat Simak Saham-saham yang Bisa Cuan Ini,detikFinance,2022-03-14 09:14:00,"IHSG Opens Stronger Today, Check Out These Profitable Stocks","IHSG Opens Stronger Today , Check Profitable Stocks",POSITIVE
IHSG Hari Ini Kebakaran! Bursa Asia Juga Keok,detikFinance,2022-03-07 09:10:00,IHSG Today on Fire! Asian Stock Exchanges Also Collapse,IHSG Today Fire ! Asian Stock Exchanges Also Collapse,NEGATIVE
IHSG Hari Ini Dibuka Gagah! Bursa Asia Keok,detikFinance,2022-03-04 09:10:00,IHSG Opens Strongly Today! Asian Stock Exchanges Collapse,IHSG Opens Strongly Today ! Asian Stock Exchanges Collapse,NEGATIVE
IHSG Hari Ini Juara Bursa Asia Lain Kebakaran!,detikFinance,2022-03-02 09:07:00,IHSG Today is the Champion of Other Asian Stock Exchanges on Fire!,IHSG Today Champion Asian Stock Exchanges Fire !,POSITIVE
IHSG Hari Ini Dibuka Melesat 1% Lebih Cetak Rekor Lagi,detikFinance,2022-03-01 09:14:00,"IHSG Opens Today Soaring More Than 1%, Setting Another Record","IHSG Opens Today Soaring 1 % , Setting Another Record",POSITIVE
IHSG Hari Ini di Luar Dugaan Sesi 1 Naik Hampir 1%,detikFinance,2022-02-25 12:08:00,IHSG Today Beyond Expectations Session 1 Up Almost 1%,IHSG Today Beyond Expectations Session 1 Almost 1 %,POSITIVE
IHSG Hari Ini Dibuka Menguat Cek Saham-saham yang Bisa Bikin Untung,detikFinance,2022-02-25 09:13:00,IHSG Opens Stronger Today Check Out Stocks That Can Make Profits,IHSG Opens Stronger Today Check Stocks Make Profits,POSITIVE
IHSG Hari Ini 'Kebakaran' Cek Rekomendasi Saham Berikut!,detikFinance,2022-02-24 09:10:00,IHSG Today 'On Fire' Check Out the Following Stock Recommendations!,IHSG Today 'On Fire ' Check Following Stock Recommendations !,POSITIVE
IHSG Bisa Cetak Rekor Lagi Nggak?,detikFinance,2022-02-10 21:00:00,Can IHSG Set Another Record?,IHSG Set Another Record ?,POSITIVE
IHSG Lagi Tancap Gas Simak Rekomendasi Saham Biar Cuan,detikFinance,2022-02-10 14:12:00,"IHSG is Stepping on the Gas Again, Check Out Stock Recommendations to Make a Profit","IHSG Stepping Gas , Check Stock Recommendations Make Profit",NEGATIVE
Gaji Komisaris-Direksi Bank BUMN-Swasta Top RI Ini Sampai Miliaran!,detikFinance,2022-02-10 10:28:00,The Salaries of Commissioners and Directors of Top State-Owned and Private Banks in Indonesia Reach Billions!,Salaries Commissioners Directors Top State-Owned Private Banks Indonesia Reach Billions !,POSITIVE
Simak! Bos BCA Bagikan Tips Investasi buat Pemula Nih,detikFinance,2022-02-09 12:21:00,Listen! BCA Boss Shares Investment Tips for Beginners,Listen ! BCA Boss Shares Investment Tips Beginners,POSITIVE
Penguatan Terbatas IHSG Hari Ini Diproyeksi Masih Merah,detikFinance,2022-02-09 08:53:00,Limited Strengthening of IHSG Today Projected to Remain Red,Limited Strengthening IHSG Today Projected Remain Red,NEGATIVE
IHSG Diprediksi Cetak Rekor Lagi Intip Saham Rekomendasinya,detikFinance,2022-02-08 08:42:00,"IHSG Predicted to Set Another Record, Peek at Recommended Stocks","IHSG Predicted Set Another Record , Peek Recommended Stocks",POSITIVE
IHSG Diprediksi Bangkit Lagi Intip Rekomendasi Saham yang Dibeli,detikFinance,2022-02-07 08:48:00,"IHSG Predicted to Rise Again, Take a Peek at the Recommended Stocks to Buy","IHSG Predicted Rise , Take Peek Recommended Stocks Buy",POSITIVE
IHSG Akhir Pekan Diprediksi Loyo Ini Saham Rekomendasinya,detikFinance,2022-02-04 08:52:00,"IHSG Predicted to be Weak at Weekend, These are the Recommended Stocks","IHSG Predicted Weak Weekend , Recommended Stocks",POSITIVE
IHSG Diprediksi Hijau Lagi Cek Rekomendasi Saham yang Dibeli,detikFinance,2022-02-03 08:47:00,IHSG Predicted to be Green Again Check Recommendations for Stocks to Buy,IHSG Predicted Green Check Recommendations Stocks Buy,POSITIVE
Standby! BCA Mau Bagi-bagi Dividen Cek di Sini Tanggalnya,detikFinance,2021-11-08 18:51:00,Standby! BCA Wants to Distribute Dividends Check Here the Date,Standby ! BCA Wants Distribute Dividends Check Date,POSITIVE
Kata Analis soal BNI yang Mau Akuisisi dan Bikin Bank Digital,detikFinance,2021-10-17 21:32:00,Analyst's Words on BNI Wanting to Acquire and Create a Digital Bank,Analyst 's Words BNI Wanting Acquire Create Digital Bank,POSITIVE
Saham BBCA Diserbu Investor Muda Usai Stock Split,detikFinance,2021-10-14 09:15:00,BBCA Shares Flooded by Young Investors After Stock Split,BBCA Shares Flooded Young Investors Stock Split,POSITIVE
Imbas Stock Split Harga Saham BCA Sekarang 'Cuma' Rp 7.000-an!,detikFinance,2021-10-13 10:56:00,"Impact of Stock Split, BCA Share Price Now 'Only' IDR 7,000!","Impact Stock Split , BCA Share Price 'Only ' IDR 7,000 !",NEGATIVE
Beli Saham BCA 14 Oktober Bakal Lebih Murah Berapa Harganya?,detikFinance,2021-10-07 19:00:00,"Buy BCA Shares on October 14th Will Be Cheaper, How Much Will It Be?","Buy BCA Shares October 14th Cheaper , Much ?",POSITIVE
Siap-siap! IHSG Diprediksi Tembus Rekor Baru di Tahun Ini,detikFinance,2021-10-07 14:39:00,Get Ready! IHSG Predicted to Break New Record This Year,Get Ready ! IHSG Predicted Break New Record Year,POSITIVE
Mau Beli Saham BCA Murah? Tanggal Segini Dipecah 5,detikFinance,2021-10-07 13:05:00,Want to Buy Cheap BCA Stocks? This Date It Will Be Split into 5,Want Buy Cheap BCA Stocks ? Date Split 5,NEGATIVE
IHSG Masih Diprediksi Melemah Saham-saham Ini Berpotensi Cuan!,detikFinance,2021-09-29 08:39:00,"IHSG Still Predicted to Weaken, These Stocks Have Profit Potential!","IHSG Still Predicted Weaken , Stocks Profit Potential !",NEGATIVE
IHSG Diprediksi Melemah Saham-saham Ini Bisa Jadi Pilihan,detikFinance,2021-09-28 08:57:00,"IHSG Predicted to Weaken, These Stocks Could Be an Option","IHSG Predicted Weaken , Stocks Could Option",NEGATIVE
IHSG Diprediksi Menguat Hari Ini Simak Saham-saham Berpotensi Cuan!,detikFinance,2021-09-24 08:48:00,"IHSG Predicted to Strengthen Today, Check Out Stocks with Profit Potential!","IHSG Predicted Strengthen Today , Check Stocks Profit Potential !",POSITIVE
Lebih Murah Harga Saham BCA Akan Dipecah Jadi Segini,detikFinance,2021-09-23 12:25:00,Cheaper BCA Share Price Will Be Split Into This Much,Cheaper BCA Share Price Split Much,NEGATIVE
Mau Beli Rumah Tapi Males Keluar? Cek Ini Dulu Deh,detikFinance,2021-09-08 19:15:00,Want to Buy a House But Too Lazy to Go Out? Check This Out First,Want Buy House Lazy Go ? Check First,NEGATIVE
Bos BCA Ramal di Masa Depan Bank Digital RI Cuma Sisa 3,detikFinance,2021-08-12 11:25:00,BCA Boss Predicts in the Future of Indonesian Digital Banks Only 3 Remain,BCA Boss Predicts Future Indonesian Digital Banks 3 Remain,POSITIVE
bank bjb Raih Peringkat Pertama Bank Go Public Versi InfoBank,detikFinance,2021-08-11 14:02:00,Bank BJB Wins First Rank of Publicly Listed Banks According to InfoBank,Bank BJB Wins First Rank Publicly Listed Banks According InfoBank,POSITIVE
BCA Mau Stock Split Saham 1:5 Harganya Jadi Lebih Murah,detikFinance,2021-07-31 19:12:00,"BCA Wants Stock Split 1:5, Price Becomes Cheaper","BCA Wants Stock Split 1:5 , Price Becomes Cheaper",NEGATIVE
BCA Stock Split Saham 1:5 Harganya Jadi Berapa?,detikFinance,2021-07-31 11:00:00,"BCA Stock Split 1:5 Shares, How Much Will They Cost?","BCA Stock Split 1:5 Shares , Much Cost ?",NEGATIVE
Bos BCA Ungkap Biang Kerok Anjloknya Kredit Rumah dan Kendaraan,detikFinance,2021-07-30 20:15:00,BCA Boss Reveals Cause of Falling Home and Vehicle Loans,BCA Boss Reveals Cause Falling Home Vehicle Loans,NEGATIVE
Pilih Oktober buat Stock Split Saham Bos BCA: Pas Market Hot Lagi!,detikFinance,2021-07-30 19:45:00,Choose October for Stock Split BCA Boss's Shares: When the Market is Hot Again!,Choose October Stock Split BCA Boss 's Shares : Market Hot !,POSITIVE
BCA Stock Split Sahamnya Demi Gaet Investor Milenial ,detikFinance,2021-07-30 16:43:00,BCA Stock Splits Its Shares to Attract Millennial Investors,BCA Stock Splits Shares Attract Millennial Investors,POSITIVE
Imbas PPKM Darurat KPR & KKB BCA Drop,detikFinance,2021-07-22 19:15:00,Impact of Emergency PPKM KPR & KKB BCA Drop,Impact Emergency PPKM KPR & KKB BCA Drop,POSITIVE
Mohon Sabar BCA Digital Masih Bayi IPO Masih Lama,detikFinance,2021-07-22 18:05:00,Please Be Patient BCA Digital Is Still A Baby IPO Is Still A Long Way Off,Please Patient BCA Digital Still Baby IPO Still Long Way,NEGATIVE
Semester I BCA Raup Laba Rp145 T Naik 18%,detikFinance,2021-07-22 16:40:00,"BCA Earns Rp145 Trillion in First Semester Profit, Up 18%","BCA Earns Rp145 Trillion First Semester Profit , 18 %",POSITIVE
BCA Digital Bakal IPO Induknya Diinterogasi BEI,detikFinance,2021-07-12 11:41:00,"BCA Digital's IPO Plans, Its Parent Company Questioned by IDX","BCA Digital 's IPO Plans , Parent Company Questioned IDX",NEGATIVE
Minat Investasi Asing ke RI Sedang Tinggi Pemerintah Bisa Apa?,detikFinance,2021-04-28 16:40:00,"Foreign Investment Interest in Indonesia is High, What Can the Government Do?","Foreign Investment Interest Indonesia High , Government ?",POSITIVE
Ada Kementerian Investasi Peringkat Investasi RI Bisa Naik?,detikFinance,2021-04-28 15:44:00,"With the Ministry of Investment, Can Indonesia's Investment Rating Increase?","Ministry Investment , Indonesia 's Investment Rating Increase ?",POSITIVE
Jahja Setiaatmadja Borong Saham BCA Rp 77 M,detikFinance,2021-04-10 17:15:00,Jahja Setiaatmadja Buys Up IDR 77 Billion in BCA Shares,Jahja Setiaatmadja Buys IDR 77 Billion BCA Shares,POSITIVE
Super App BCA Kapan Meluncur?,detikFinance,2021-04-07 15:22:00,When will BCA Super App be launched?,BCA Super App launched ?,POSITIVE
Ada DP KPR 0% Bos BCA Jahja Setiaatmadja Ingatkan soal Ini,detikFinance,2021-03-04 15:59:00,"There is a 0% DP KPR, BCA Boss Jahja Setiaatmadja Reminds About This","0 % DP KPR , BCA Boss Jahja Setiaatmadja Reminds",NEGATIVE
Potensi Besar BRI: UMKM Rencana Akuisisi dan Direksi Muda,detikFinance,2021-01-22 22:13:00,BRI's Great Potential: MSME Acquisition Plans and Young Directors,BRI 's Great Potential : MSME Acquisition Plans Young Directors,POSITIVE
Daripada Rp 75 Juta buat Open BO Mending Beli Emas 80 Gram,detikFinance,2020-12-19 16:00:00,"Instead of IDR 75 million for Open BO, it's better to buy 80 grams of gold","Instead IDR 75 million Open BO , 's better buy 80 grams gold",NEGATIVE
Investor Asing Ramai-ramai Lepas 5 Saham Blue Chip Ini,detikFinance,2020-11-12 10:03:00,Foreign Investors Are Crowded Selling These 5 Blue Chip Shares,Foreign Investors Crowded Selling 5 Blue Chip Shares,NEGATIVE
Mirae Asset: IHSG Diperkirakan Menguat Sambut Joe Biden,detikFinance,2020-11-09 08:58:00,Mirae Asset: IHSG Expected to Strengthen to Welcome Joe Biden,Mirae Asset : IHSG Expected Strengthen Welcome Joe Biden,POSITIVE
Ini Produk Investasi yang Sempat Mati Suri tapi Cocok Buat Milenial,detikFinance,2020-11-03 20:10:00,This Investment Product Was Once Dead But Suitable for Millennials,Investment Product Dead Suitable Millennials,NEGATIVE
Laba BCA Turun 42% Jadi Rp 20 T hingga September,detikFinance,2020-10-26 16:06:00,BCA Profit Drops 42% to IDR 20 T as of September,BCA Profit Drops 42 % IDR 20 September,NEGATIVE
Simak Rekomendasi Saham buat Bekal Trading Besok,detikFinance,2020-10-04 08:00:00,Check Out Stock Recommendations for Tomorrow's Trading Provisions,Check Stock Recommendations Tomorrow 's Trading Provisions,POSITIVE
Apa Tujuan Direksi BCA Ramai-ramai Lepas Saham Rp 20 M?,detikFinance,2020-07-13 18:00:00,What is the aim of the BCA Board of Directors so busy releasing IDR 20 billion in shares?,aim BCA Board Directors busy releasing IDR 20 billion shares ?,NEGATIVE
Dirut BCA Buka-bukaan Soal Direksi Jual Saham Perusahaan Rp 20 M,detikFinance,2020-07-13 13:13:00,BCA CEO Opens Up About Directors Selling Company Shares for IDR 20 Billion,BCA CEO Opens Directors Selling Company Shares IDR 20 Billion,NEGATIVE
3 Fakta Direksi BCA Ramai Ramai Jual Saham Rp 20 M,detikFinance,2020-07-13 11:33:00,3 Facts About BCA Directors Selling Shares Worth IDR 20 Billion,3 Facts BCA Directors Selling Shares Worth IDR 20 Billion,NEGATIVE
5 Direksi BCA Ramai-ramai Jual Saham Total Rp 20 M Dilepas,detikFinance,2020-07-13 10:58:00,5 BCA Directors Sell Shares Totaling Rp 20 Billion Released,5 BCA Directors Sell Shares Totaling Rp 20 Billion Released,NEGATIVE
IHSG Diramal Menguat Respons Penurunan Bunga Acuan BI,detikFinance,2020-06-19 08:55:00,IHSG Predicted to Strengthen in Response to BI's Benchmark Interest Rate Cut,IHSG Predicted Strengthen Response BI 's Benchmark Interest Rate Cut,POSITIVE
Bunga Kartu Kredit BCA Turun,detikFinance,2020-04-28 11:30:00,BCA Credit Card Interest Rates Drop,BCA Credit Card Interest Rates Drop,POSITIVE
IHSG Diperkirakan Melemah Pagi Ini,detikFinance,2020-04-22 08:45:00,IHSG Expected to Weaken This Morning,IHSG Expected Weaken Morning,NEGATIVE
IHSG Diperkirakan Melemah di Awal Pekan,detikFinance,2020-04-06 08:32:00,IHSG Expected to Weaken at the Start of the Week,IHSG Expected Weaken Start Week,NEGATIVE
IHSG Diproyeksi Melemah Lagi,detikFinance,2020-04-02 08:44:00,IHSG Projected to Weaken Again,IHSG Projected Weaken,NEGATIVE
Bos dan Direksi Borong Saham BCA Saat Harga Turun,detikFinance,2020-03-31 09:46:00,Bosses and Directors Buy Up BCA Shares When Prices Drop,Bosses Directors Buy BCA Shares Prices Drop,POSITIVE
Corona Bikin Bursa Saham Anjlok Investor Jangan Panik!,detikFinance,2020-03-03 11:30:00,"Corona Makes Stock Market Plunge, Investors Should Not Panic!","Corona Makes Stock Market Plunge , Investors Panic !",NEGATIVE
BCA Cetak Laba Bersih Rp 286 T Sepanjang 2019,detikFinance,2020-02-20 18:55:00,BCA Records Net Profit of IDR 286 Trillion Throughout 2019,BCA Records Net Profit IDR 286 Trillion Throughout 2019,POSITIVE
Pembagian Dividen Dorong Laju IHSG,detikFinance,2020-02-20 08:55:00,Dividend Distribution Boosts IHSG Rate,Dividend Distribution Boosts IHSG Rate,POSITIVE
IHSG Berpotensi Menguat Pagi Ini,detikFinance,2020-02-19 08:51:00,IHSG Has Potential to Strengthen This Morning,IHSG Potential Strengthen Morning,POSITIVE
BCA dan Bank Mandiri Angkat Suara soal M-Banking Eror,detikFinance,2020-01-30 13:49:00,BCA and Bank Mandiri Speak Out on M-Banking Error,BCA Bank Mandiri Speak M-Banking Error,NEGATIVE
IHSG Berpeluang Menguat ke 6.325,detikFinance,2020-01-17 08:55:00,"IHSG Has Opportunity to Strengthen to 6,325","IHSG Opportunity Strengthen 6,325",POSITIVE
IHSG Diprediksi Merah Awal Pekan,detikFinance,2020-01-06 08:49:00,IHSG Predicted to be Red at the Start of the Week,IHSG Predicted Red Start Week,NEGATIVE
Menebak Jumlah Harta Duo Hartono Jika Harga Saham BCA Naik,detikFinance,2019-12-24 16:30:00,Guessing the Total Assets of the Hartono Duo If BCA Share Prices Rise,Guessing Total Assets Hartono Duo BCA Share Prices Rise,POSITIVE
IHSG Diperkirakan Menguat di Awal Pekan,detikFinance,2019-12-09 08:54:00,IHSG Expected to Strengthen at the Beginning of the Week,IHSG Expected Strengthen Beginning Week,POSITIVE
Jelang Pelantikan Jokowi IHSG Ditutup Hijau ke 6.191,detikFinance,2019-10-18 16:23:00,"Ahead of Jokowi's Inauguration, IHSG Closes Green at 6,191","Ahead Jokowi 's Inauguration , IHSG Closes Green 6,191",POSITIVE
Kontras Dengan Bursa Asia IHSG Ditutup Hijau di 6.188,detikFinance,2019-10-18 12:35:00,"Contrast With Asian Stock Exchanges, IHSG Closed Green at 6,188","Contrast Asian Stock Exchanges , IHSG Closed Green 6,188",POSITIVE
210 Saham Menguat IHSG Naik Tipis ke 6.181,detikFinance,2019-10-17 16:40:00,"210 Stocks Strengthen, IHSG Rises Slightly to 6,181","210 Stocks Strengthen , IHSG Rises Slightly 6,181",POSITIVE
Naik Tipis IHSG Ditutup Stagnan di 6.177,detikFinance,2019-10-17 12:30:00,"Slight Increase in IHSG Closes Stagnant at 6,177","Slight Increase IHSG Closes Stagnant 6,177",NEGATIVE
Mengekor Bursa Asia IHSG Lengser ke 6.124,detikFinance,2019-10-15 12:23:00,"Following Asian Stock Exchanges, IHSG Drops to 6,124","Following Asian Stock Exchanges , IHSG Drops 6,124",NEGATIVE
Hijau Seharian IHSG Terkerek ke Level 6.126,detikFinance,2019-10-14 16:23:00,"Green All Day IHSG Lifted to Level 6,126","Green Day IHSG Lifted Level 6,126",POSITIVE
Dirut-Komut BCA Kompak Jual Saham,detikFinance,2019-10-07 20:35:00,BCA CEO and CEO Agree to Sell Shares,BCA CEO CEO Agree Sell Shares,NEGATIVE
Turun 30 Poin IHSG Berbalik Negatif ke 6.031,detikFinance,2019-10-07 12:45:00,"Down 30 Points IHSG Turns Negative to 6,031","30 Points IHSG Turns Negative 6,031",NEGATIVE
IHSG Diproyeksi Lanjutkan Pelemahan,detikFinance,2019-10-02 08:45:00,IHSG Projected to Continue Weakening,IHSG Projected Continue Weakening,NEGATIVE
Demo Mahasiswa Mulai Surut IHSG Masih Merah,detikFinance,2019-09-25 12:17:00,"Student Demonstrations Begin to Subside, IHSG Still Red","Student Demonstrations Begin Subside , IHSG Still Red",NEGATIVE
OSO: IHSG Bakal Lanjutkan Pelemahan,detikFinance,2019-09-03 08:51:00,OSO: IHSG Will Continue to Weaken,OSO : IHSG Continue Weaken,NEGATIVE
Rupiah Menguat IHSG Ditutup Positif ke 6.282,detikFinance,2019-08-09 16:33:00,"Rupiah Strengthens, IHSG Closes Positive at 6,282","Rupiah Strengthens , IHSG Closes Positive 6,282",POSITIVE
Naik Tipis IHSG Ditutup Hijau di 6.280,detikFinance,2019-08-09 12:03:00,"Slight Increase in IHSG Closes Green at 6,280","Slight Increase IHSG Closes Green 6,280",POSITIVE
Dolar AS Menjinak IHSG Ditutup Cemerlang ke 6.204,detikFinance,2019-08-07 16:30:00,"US Dollar Tames JCI Closes Brilliantly to 6,204","US Dollar Tames JCI Closes Brilliantly 6,204",POSITIVE
Melonjak 14% IHSG Ditutup Perkasa di 6.206,detikFinance,2019-08-07 12:17:00,"Jumping 14%, IHSG Closes Strong at 6,206","Jumping 14 % , IHSG Closes Strong 6,206",POSITIVE
Seharian Merah IHSG Ditutup di Level 6.119,detikFinance,2019-08-06 17:21:00,"IHSG Closes Red All Day at Level 6,119","IHSG Closes Red Day Level 6,119",POSITIVE
Bursa Asia Melemah IHSG Parkir di 6.115,detikFinance,2019-08-06 12:32:00,"Asian Stock Exchange Weakens, IHSG Parked at 6,115","Asian Stock Exchange Weakens , IHSG Parked 6,115",NEGATIVE
Listrik Byarpet IHSG Anjlok ke 6.229,detikFinance,2019-08-05 12:38:00,"IHSG Drops to 6,229 Due to Power Outage","IHSG Drops 6,229 Due Power Outage",NEGATIVE
IHSG Melempem di Jeda Siang,detikFinance,2019-07-24 12:36:00,IHSG Weakens During Afternoon Break,IHSG Weakens Afternoon Break,NEGATIVE
Berlawanan Bursa Asia IHSG Ditutup Negatif,detikFinance,2019-07-23 17:09:00,"Contrary to Asian Stock Exchanges, IHSG Closes Negative","Contrary Asian Stock Exchanges , IHSG Closes Negative",NEGATIVE
IHSG Ditutup Melemah ke 6.433,detikFinance,2019-07-22 16:32:00,"IHSG Closes Weaker to 6,433","IHSG Closes Weaker 6,433",NEGATIVE
IHSG Diprediksi Bergerak Mixed Cenderung Melemah,detikFinance,2019-07-22 08:57:00,"IHSG Predicted to Move Mixed, Tends to Weaken","IHSG Predicted Move Mixed , Tends Weaken",NEGATIVE
Transaksi Tembus Rp 58 T IHSG Stagnan di 6.393,detikFinance,2019-07-18 12:35:00,"Transactions Reach IDR 58 T, IHSG Stagnant at 6,393","Transactions Reach IDR 58 , IHSG Stagnant 6,393",NEGATIVE
Loyo Seharian IHSG Ditutup Merah di 6.394,detikFinance,2019-07-17 16:57:00,"IHSG Weak All Day Closes in the Red at 6,394","IHSG Weak Day Closes Red 6,394",NEGATIVE
Banyak Sentimen Positif IHSG Naik 45 Poin,detikFinance,2019-07-15 16:36:00,"Many Positive Sentiments, IHSG Rises 45 Points","Many Positive Sentiments , IHSG Rises 45 Points",POSITIVE
Kompak Bareng Rupiah IHSG Ditutup Perkasa di 6.426,detikFinance,2019-07-15 12:27:00,"Compact with Rupiah, IHSG Closes Strong at 6,426","Compact Rupiah , IHSG Closes Strong 6,426",POSITIVE
Begini Perdikisi Laju IHSG Akhir Pekan,detikFinance,2019-07-12 08:51:00,Here's the Prediction of the IHSG Rate at the End of the Week,'s Prediction IHSG Rate End Week,POSITIVE
Menguat Seharian IHSG Ditutup Perkasa di 6.388,detikFinance,2019-07-09 16:23:00,"Strengthening All Day, IHSG Closed Strong at 6,388","Strengthening Day , IHSG Closed Strong 6,388",POSITIVE
Seharian Negatif IHSG Ditutup Merah di 6.351,detikFinance,2019-07-08 16:29:00,"IHSG Closes in the Red at 6,351 Negative All Day","IHSG Closes Red 6,351 Negative Day",NEGATIVE
Transaksi Tembus Rp 19 T IHSG Ditutup Naik Tipis ke 6.358,detikFinance,2019-06-28 16:38:00,"Transactions Reach Rp 19 T, IHSG Closes Slightly Higher to 6,358","Transactions Reach Rp 19 , IHSG Closes Slightly Higher 6,358",POSITIVE
Diwarnai Pembacaan Putusan MK IHSG Ditutup Hijau di 6.352,detikFinance,2019-06-27 16:27:00,"Colored by the Reading of the Constitutional Court's Decision, IHSG Closed Green at 6,352","Colored Reading Constitutional Court 's Decision , IHSG Closed Green 6,352",NEGATIVE
OSO Securities: Buka Awal Pekan IHSG Diproyeksi Kembali Menguat,detikFinance,2019-06-24 08:50:00,"OSO Securities: Opening of the Week, IHSG Projected to Strengthen Again","OSO Securities : Opening Week , IHSG Projected Strengthen",POSITIVE
Rawan Profit Taking IHSG Diperkirakan Melemah ke 6.207,detikFinance,2019-06-12 08:50:00,"Prone to Profit Taking, IHSG is Estimated to Weaken to 6,207","Prone Profit Taking , IHSG Estimated Weaken 6,207",NEGATIVE
Lompat 136% IHSG Parkir di 6.293,detikFinance,2019-06-10 12:26:00,"Jump 136% IHSG Parked at 6,293","Jump 136 % IHSG Parked 6,293",POSITIVE
Jelang Libur Panjang IHSG Ditutup Positif ke 6.160,detikFinance,2019-05-31 12:13:00,"Ahead of Long Holiday, IHSG Closes Positively at 6,160","Ahead Long Holiday , IHSG Closes Positively 6,160",POSITIVE
Profit Taking Jelang Libur Panjang IHSG Ditutup Anjlok ke 6.033,detikFinance,2019-05-28 16:58:00,"Profit Taking Ahead of Long Holiday, IHSG Closes Down to 6,033","Profit Taking Ahead Long Holiday , IHSG Closes 6,033",POSITIVE
Dolar AS Menguat IHSG Ditutup Hijau ke 6.101,detikFinance,2019-05-27 12:25:00,"US Dollar Strengthens, IHSG Closes Green at 6,101","US Dollar Strengthens , IHSG Closes Green 6,101",POSITIVE
Aksi 22 Mei Reda IHSG Ditutup Menguat ke 6.032,detikFinance,2019-05-23 16:25:00,"May 22 Action Subsides, IHSG Closes Stronger at 6,032","May 22 Action Subsides , IHSG Closes Stronger 6,032",POSITIVE
Pasca Aksi 22 Mei IHSG Tembus 6.000 Lagi,detikFinance,2019-05-23 12:12:00,"Post May 22 Action, IHSG Breaks Through 6,000 Again","Post May 22 Action , IHSG Breaks 6,000",POSITIVE
Come Back! IHSG Ditutup Hijau ke 5.907,detikFinance,2019-05-20 16:47:00,"Come Back! IHSG Closed Green at 5,907","Come Back ! IHSG Closed Green 5,907",NEGATIVE
Rebound IHSG Ditutup Menguat 39 Poin ke 5.866,detikFinance,2019-05-20 12:30:00,"IHSG Rebound Closes Up 39 Points to 5,866","IHSG Rebound Closes 39 Points 5,866",POSITIVE
IHSG Diperkirakan Kembali Loyo,detikFinance,2019-05-20 08:47:00,IHSG Expected to Be Weak Again,IHSG Expected Weak,NEGATIVE
OSO Securities: IHSG Berpeluang Rebound ke 6.179,detikFinance,2019-05-15 08:50:00,"OSO Securities: IHSG Has Opportunity to Rebound to 6,179","OSO Securities : IHSG Opportunity Rebound 6,179",POSITIVE
Semua Sektor Saham 'Berdarah' IHSG Ditutup Negatif ke 6.270,detikFinance,2019-05-08 16:52:00,"All Stock Sectors 'Bleed' IHSG Closes Negative to 6,270","Stock Sectors 'Bleed ' IHSG Closes Negative 6,270",NEGATIVE
Jeda Siang IHSG Bergerak Positif ke 6.296,detikFinance,2019-05-07 12:23:00,"IHSG Afternoon Break Moves Positively to 6,296","IHSG Afternoon Break Moves Positively 6,296",POSITIVE
OSO Securities: IHSG Berpeluang Menguat,detikFinance,2019-05-07 08:45:00,OSO Securities: IHSG Has Opportunity to Strengthen,OSO Securities : IHSG Opportunity Strengthen,POSITIVE
Beda Nasib dengan Rupiah IHSG Ditutup Positif ke Level 6.425,detikFinance,2019-04-29 16:30:00,"Different Fate with Rupiah, IHSG Closes Positively at Level 6,425","Different Fate Rupiah , IHSG Closes Positively Level 6,425",POSITIVE
IHSG Diproyeksi Rem Penguatan Hari Ini,detikFinance,2019-04-22 08:45:00,IHSG Projected to Brake Strengthening Today,IHSG Projected Brake Strengthening Today,POSITIVE
IHSG Menguat ke 6.507 Dolar AS Berbalik ke Rp 14.000,detikFinance,2019-04-18 16:54:00,"IHSG Strengthens to 6,507 US Dollars Reversing to Rp 14,000","IHSG Strengthens 6,507 US Dollars Reversing Rp 14,000",POSITIVE
OSO Securities: IHSG Intip Penguatan Jelang Rilis Cadangan Devisa,detikFinance,2019-04-08 08:40:00,OSO Securities: IHSG Eyes Strengthening Ahead of Foreign Exchange Reserves Release,OSO Securities : IHSG Eyes Strengthening Ahead Foreign Exchange Reserves Release,POSITIVE
OSO Securities: IHSG Berpeluang Menguat ke 6.525,detikFinance,2019-04-04 08:53:00,"OSO Securities: IHSG Has Opportunity to Strengthen to 6,525","OSO Securities : IHSG Opportunity Strengthen 6,525",POSITIVE
IHSG Tutup Akhir Pekan Negatif ke Level 6.468,detikFinance,2019-03-29 16:39:00,"IHSG Closes Weekend Negative at Level 6,468","IHSG Closes Weekend Negative Level 6,468",NEGATIVE
OSO Securities: IHSG Bergerak Menguat di Kisaran 6.460-6.537,detikFinance,2019-03-29 08:49:00,"OSO Securities: IHSG Moves Up in the Range of 6,460-6,537","OSO Securities : IHSG Moves Range 6,460-6,537",POSITIVE
OSO Securities: IHSG Hari Ini akan Menguat Terbatas,detikFinance,2019-03-21 09:52:00,OSO Securities: IHSG Today Will Strengthen Limitedly,OSO Securities : IHSG Today Strengthen Limitedly,NEGATIVE
IHSG Tutup Negatif Sore Ini,detikFinance,2019-03-19 16:52:00,IHSG Closes Negative This Afternoon,IHSG Closes Negative Afternoon,NEGATIVE
Dolar AS Bergejolak IHSG Keok ke Level 6.373,detikFinance,2019-03-11 12:37:00,"US Dollar Fluctuates, IHSG Falls to Level 6,373","US Dollar Fluctuates , IHSG Falls Level 6,373",NEGATIVE
OSO Securities: IHSG Diperkirakan Melemah di 6.374-6.472,detikFinance,2019-03-01 08:47:00,"OSO Securities: IHSG Expected to Weaken at 6,374-6,472","OSO Securities : IHSG Expected Weaken 6,374-6,472",NEGATIVE
OSO Securities: IHSG Cenderung Menguat,detikFinance,2019-02-27 08:42:00,OSO Securities: IHSG Tends to Strengthen,OSO Securities : IHSG Tends Strengthen,POSITIVE
Mau Akuisisi Bank Kecil BCA: Namanya Kita Nggak Sebut Dulu,detikFinance,2019-02-23 21:51:00,Want to Acquire Small Bank BCA: We Won't Mention Its Name Yet,Want Acquire Small Bank BCA : Wo n't Mention Name Yet,NEGATIVE
OSO Securities: Jelang Rilis Bunga Acuan IHSG Diproyeksi Hijau,detikFinance,2019-02-21 08:40:00,OSO Securities: Ahead of IHSG Reference Rate Release Projected to be Green,OSO Securities : Ahead IHSG Reference Rate Release Projected Green,POSITIVE
Transaksi Tembus Rp 101 T IHSG Kembali (Lagi) ke 6.512,detikFinance,2019-02-20 16:10:00,"Transactions Reach IDR 101 T, IHSG Returns (Again) to 6,512","Transactions Reach IDR 101 , IHSG Returns ( ) 6,512",POSITIVE
Dolar AS Serang Balik IHSG Ditutup Negatif ke 6.489,detikFinance,2019-02-20 12:49:00,"US Dollar Strikes Back, IHSG Closes Negative at 6,489","US Dollar Strikes Back , IHSG Closes Negative 6,489",NEGATIVE
IHSG Lengser (Lagi) Dari 6.500,detikFinance,2019-02-19 16:29:00,"IHSG Drops (Again) From 6,500","IHSG Drops ( ) 6,500",NEGATIVE
OSO Securities: IHSG Diperkirakan Tembus 6.563,detikFinance,2019-02-19 08:55:00,"OSO Securities: IHSG Estimated to Reach 6,563","OSO Securities : IHSG Estimated Reach 6,563",POSITIVE
263 Saham Hijau IHSG Melambung 12% ke 6.466,detikFinance,2019-02-18 13:04:00,"263 Green Stocks IHSG Soars 12% to 6,466","263 Green Stocks IHSG Soars 12 % 6,466",POSITIVE
OSO Securities: IHSG Diperkirakan Menguat,detikFinance,2019-02-06 08:40:00,OSO Securities: IHSG Expected to Strengthen,OSO Securities : IHSG Expected Strengthen,POSITIVE
Lengser dari 6.500 IHSG Parkir di 6.481,detikFinance,2019-02-04 16:30:00,"Slipping from 6,500, IHSG Parked at 6,481","Slipping 6,500 , IHSG Parked 6,481",NEGATIVE
Turun 37 Poin IHSG Menukik ke 6.501,detikFinance,2019-02-04 12:40:00,"Down 37 Points, IHSG Dives to 6,501","37 Points , IHSG Dives 6,501",POSITIVE
Bos BCA Khawatir Rebutan Likuiditas dengan Pemerintah,detikFinance,2019-01-30 20:48:00,BCA Boss Worried About Liquidity Fight with Government,BCA Boss Worried Liquidity Fight Government,NEGATIVE
Bergerak Stagnan IHSG Ditutup di Level 6.466,detikFinance,2019-01-24 16:35:00,"Moving Stagnantly, IHSG Closed at Level 6,466","Moving Stagnantly , IHSG Closed Level 6,466",NEGATIVE
Bertahan di Zona Hijau IHSG Ditutup Menguat Terbatas,detikFinance,2019-01-24 12:28:00,"Staying in the Green Zone, IHSG Closed with Limited Gains","Staying Green Zone , IHSG Closed Limited Gains",NEGATIVE
OSO: Hati-hati IHSG Diprediksi Melemah,detikFinance,2019-01-24 08:50:00,"OSO: Be Careful, IHSG is Predicted to Weaken","OSO : Careful , IHSG Predicted Weaken",NEGATIVE
Gagal Bertahan IHSG Terjungkal ke Level 6.451,detikFinance,2019-01-23 16:30:00,"Failed to Sustain, IHSG Falls to Level 6,451","Failed Sustain , IHSG Falls Level 6,451",NEGATIVE
Berbalik dari Zona Merah IHSG Menguat ke 6.476,detikFinance,2019-01-23 12:35:00,"Turning from the Red Zone, IHSG Strengthens to 6,476","Turning Red Zone , IHSG Strengthens 6,476",POSITIVE
Balik ke Zona Hijau IHSG Ditutup Menguat ke 6.448,detikFinance,2019-01-18 16:44:00,"Back to Green Zone, IHSG Closes Higher to 6,448","Back Green Zone , IHSG Closes Higher 6,448",POSITIVE
OSO Securities: IHSG Diperkirakan Melemah 6.333-6.461,detikFinance,2019-01-18 08:50:00,"OSO Securities: IHSG Expected to Weaken 6,333-6,461","OSO Securities : IHSG Expected Weaken 6,333-6,461",NEGATIVE
Seharian Negatif IHSG Ditutup Merosot ke 6.336,detikFinance,2019-01-14 16:41:00,"IHSG Closes Negative Day, Drops to 6,336","IHSG Closes Negative Day , Drops 6,336",NEGATIVE
Turun 54 Poin IHSG Lanjutkan Pelemahan ke 6.306,detikFinance,2019-01-14 12:32:00,"Down 54 Points, IHSG Continues Weakening to 6,306","54 Points , IHSG Continues Weakening 6,306",NEGATIVE
OSO Securities: IHSG Berpeluang Menguat di Kisaran 6.317,detikFinance,2019-01-08 08:50:00,"OSO Securities: IHSG Has Opportunity to Strengthen in the Range of 6,317","OSO Securities : IHSG Opportunity Strengthen Range 6,317",POSITIVE
Jeda Siang IHSG Bergerak Positif ke 6.328,detikFinance,2019-01-07 12:35:00,"IHSG Afternoon Break Moves Positively to 6,328","IHSG Afternoon Break Moves Positively 6,328",POSITIVE
Asing Ikut Danai Proyek Tol Cipali yang Disebut Sandi Tanpa Utang,detikFinance,2019-01-03 14:24:00,Foreigners Participate in Funding Cipali Toll Project That Sandi Says is Debt-Free,Foreigners Participate Funding Cipali Toll Project Sandi Says Debt-Free,POSITIVE
IHSG Lanjutkan Penguatan ke 6.197,detikFinance,2019-01-03 12:21:00,"IHSG Continues Strengthening to 6,197","IHSG Continues Strengthening 6,197",POSITIVE
Benarkah Sandi Bangun Tol Cikopo-Palimanan Tanpa Utang?,detikFinance,2019-01-02 07:18:00,Is it true that Sandi built the Cikopo-Palimanan toll road without debt?,true Sandi built Cikopo-Palimanan toll road without debt ?,POSITIVE
