title,category,publish_date,article_url,sentiment
IHSG Hari Ini Diprediksi Melemah di Level 7.200-7.300,detikFinance,"Kamis, 28 Nov 2024 08:51 WIB",https://finance.detik.com/market-research/d-7660585/ihsg-hari-ini-diprediksi-melemah-di-level-7-200-7-300,negatif
IHSG Hari Ini Diramal Bergerak di Level 7.100-7.200,detikFinance,"Selasa, 19 Nov 2024 08:49 WIB",https://finance.detik.com/bursa-dan-valas/d-7645441/ihsg-hari-ini-diramal-bergerak-di-level-7-100-7-200,negatif
Berapa Harga Saham BBCA Hari Ini?,detikFinance,"Senin, 11 Nov 2024 12:45 WIB",https://finance.detik.com/bursa-dan-valas/d-7632680/berapa-harga-saham-bbca-hari-ini,positif
Masuk Daftar 45 Saham Pre-opening Saham GOTO Makin Likuid?,detikFinance,"Selasa, 29 Okt 2024 08:30 WIB",https://finance.detik.com/bursa-dan-valas/d-7610863/masuk-daftar-45-saham-pre-opening-saham-goto-makin-likuid,negatif
BCA Pemberi Utang Terbesar ke Sritex Respons soal Kondisi Pailit,detikFinance,"Selasa, 29 Okt 2024 07:45 WIB",https://finance.detik.com/moneter/d-7611188/bca-pemberi-utang-terbesar-ke-sritex-respons-soal-kondisi-pailit,negatif
Rincian Utang Bejibun Sritex ke 28 Bank,detikFinance,"Selasa, 29 Okt 2024 07:27 WIB",https://finance.detik.com/moneter/d-7611176/rincian-utang-bejibun-sritex-ke-28-bank,negatif
Bos Buruh Ungkap Sritex Pailit Gara-gara Sulit Bayar Utang,detikFinance,"Kamis, 24 Okt 2024 15:16 WIB",https://finance.detik.com/industri/d-7604507/bos-buruh-ungkap-sritex-pailit-gara-gara-sulit-bayar-utang,negatif
IHSG Pagi Ini Lesu di Level 7.496,detikFinance,"Senin, 07 Okt 2024 09:23 WIB",https://finance.detik.com/bursa-dan-valas/d-7575498/ihsg-pagi-ini-lesu-di-level-7-496,positif
IHSG Diprediksi Menguat Ini Saham yang Bakal Cuan,detikFinance,"Senin, 07 Okt 2024 08:38 WIB",https://finance.detik.com/market-research/d-7575442/ihsg-diprediksi-menguat-ini-saham-yang-bakal-cuan,positif
IHSG Hari Ini Berpotensi Melemah Simak Rekomendasi Sahamnya,detikFinance,"Jumat, 04 Okt 2024 08:45 WIB",https://finance.detik.com/market-research/d-7571308/ihsg-hari-ini-berpotensi-melemah-simak-rekomendasi-sahamnya,negatif
Simak! Rekomendasi Saham Akhir Pekan,detikFinance,"Jumat, 20 Sep 2024 08:53 WIB",https://finance.detik.com/bursa-dan-valas/d-7549103/simak-rekomendasi-saham-akhir-pekan,positif
IHSG Hari Ini Dibuka Menguat ke 7.807,detikFinance,"Jumat, 13 Sep 2024 09:27 WIB",https://finance.detik.com/bursa-dan-valas/d-7538534/ihsg-hari-ini-dibuka-menguat-ke-7-807,positif
Masih Lesu IHSG Dibuka Turun ke Level 7.591,detikFinance,"Rabu, 28 Agu 2024 09:29 WIB",https://finance.detik.com/bursa-dan-valas/d-7512268/masih-lesu-ihsg-dibuka-turun-ke-level-7-591,positif
IHSG Pagi Ini Dibuka Lesu ke Level 7.592,detikFinance,"Selasa, 27 Agu 2024 09:22 WIB",https://finance.detik.com/bursa-dan-valas/d-7510459/ihsg-pagi-ini-dibuka-lesu-ke-level-7-592,positif
Kemarin Lesu Seharian IHSG Kembali ke Zona Hijau di Level 7.500-an,detikFinance,"Jumat, 23 Agu 2024 09:27 WIB",https://finance.detik.com/bursa-dan-valas/d-7504247/kemarin-lesu-seharian-ihsg-kembali-ke-zona-hijau-di-level-7-500-an,positif
IHSG Dibuka Lesu Turun ke Level 7.400-an,detikFinance,"Kamis, 22 Agu 2024 09:39 WIB",https://finance.detik.com/bursa-dan-valas/d-7502347/ihsg-dibuka-lesu-turun-ke-level-7-400-an,negatif
IHSG Dibuka Naik 035% ke Level 7.382,detikFinance,"Rabu, 14 Agu 2024 09:15 WIB",https://finance.detik.com/bursa-dan-valas/d-7488806/ihsg-dibuka-naik-0-35-ke-level-7-382,positif
Bikin Mata Seger IHSG Dibuka Menguat Lagi,detikFinance,"Jumat, 09 Agu 2024 09:13 WIB",https://finance.detik.com/bursa-dan-valas/d-7480879/bikin-mata-seger-ihsg-dibuka-menguat-lagi,negatif
IHSG Dibuka Melemah Lagi Nyaris Tinggalkan Zona 7.200-an,detikFinance,"Kamis, 08 Agu 2024 09:10 WIB",https://finance.detik.com/bursa-dan-valas/d-7479001/ihsg-dibuka-melemah-lagi-nyaris-tinggalkan-zona-7-200-an,positif
Usia Anjlok IHSG Pagi Ini Naik 087% ke Level 7.120,detikFinance,"Selasa, 06 Agu 2024 09:15 WIB",https://finance.detik.com/bursa-dan-valas/d-7475446/usia-anjlok-ihsg-pagi-ini-naik-0-87-ke-level-7-120,positif
IHSG Bergerak di Zona Merah ke Level 7.313 Simak Rekomendasi Sahamnya,detikFinance,"Jumat, 02 Agu 2024 09:19 WIB",https://finance.detik.com/bursa-dan-valas/d-7469602/ihsg-bergerak-di-zona-merah-ke-level-7-313-simak-rekomendasi-sahamnya,negatif
IHSG Dibuka di Zona Merah,detikFinance,"Selasa, 30 Jul 2024 09:36 WIB",https://finance.detik.com/bursa-dan-valas/d-7463975/ihsg-dibuka-di-zona-merah,negatif
IHSG Dibuka Menguat di Awal Pekan Begini Pergerakannya,detikFinance,"Senin, 29 Jul 2024 09:13 WIB",https://finance.detik.com/bursa-dan-valas/d-7462035/ihsg-dibuka-menguat-di-awal-pekan-begini-pergerakannya,negatif
IHSG Hijau Seharian 327 Saham Menguat,detikFinance,"Jumat, 26 Jul 2024 17:14 WIB",https://finance.detik.com/bursa-dan-valas/d-7458885/ihsg-hijau-seharian-327-saham-menguat,negatif
Daftar Saham LQ45 Terbaru: Emiten Sandiaga Uno Keluar Jasa Marga Masuk,detikFinance,"Jumat, 26 Jul 2024 13:30 WIB",https://finance.detik.com/bursa-dan-valas/d-7458314/daftar-saham-lq45-terbaru-emiten-sandiaga-uno-keluar-jasa-marga-masuk,negatif
196 Saham Naik IHSG Hari Ini Dibuka Menguat ke 7.263,detikFinance,"Jumat, 26 Jul 2024 09:11 WIB",https://finance.detik.com/bursa-dan-valas/d-7457853/196-saham-naik-ihsg-hari-ini-dibuka-menguat-ke-7-263,negatif
IHSG dan Bursa Asia Kompak di Zona Merah,detikFinance,"Rabu, 24 Jul 2024 09:22 WIB",https://finance.detik.com/bursa-dan-valas/d-7454225/ihsg-dan-bursa-asia-kompak-di-zona-merah,positif
IHSG Hari Ini Menguat Bursa Asia Bergerak Variatif,detikFinance,"Selasa, 23 Jul 2024 09:33 WIB",https://finance.detik.com/bursa-dan-valas/d-7452378/ihsg-hari-ini-menguat-bursa-asia-bergerak-variatif,positif
IHSG Awal Pekan Dibuka di Zona Hijau,detikFinance,"Senin, 22 Jul 2024 09:36 WIB",https://finance.detik.com/bursa-dan-valas/d-7450530/ihsg-awal-pekan-dibuka-di-zona-hijau,positif
Akhir Pekan IHSG Dibuka Lesu,detikFinance,"Jumat, 19 Jul 2024 09:19 WIB",https://finance.detik.com/bursa-dan-valas/d-7446308/akhir-pekan-ihsg-dibuka-lesu,positif
IHSG Dibuka di Zona Hijau Naik 067% ke 7.349,detikFinance,"Jumat, 12 Jul 2024 09:14 WIB",https://finance.detik.com/bursa-dan-valas/d-7435036/ihsg-dibuka-di-zona-hijau-naik-0-67-ke-7-349,positif
IHSG Diprediksi Melemah Simak Rekomendasi Sahamnya,detikFinance,"Jumat, 12 Jul 2024 08:24 WIB",https://finance.detik.com/bursa-dan-valas/d-7434997/ihsg-diprediksi-melemah-simak-rekomendasi-sahamnya,positif
IHSG Pagi Ini Dibuka di Zona Hijau ke Level 7.277,detikFinance,"Rabu, 10 Jul 2024 09:21 WIB",https://finance.detik.com/bursa-dan-valas/d-7431463/ihsg-pagi-ini-dibuka-di-zona-hijau-ke-level-7-277,negatif
IHSG Senin Pagi Bergerak di Zona Merah ke Level 7.242,detikFinance,"Senin, 08 Jul 2024 09:08 WIB",https://finance.detik.com/bursa-dan-valas/d-7427805/ihsg-senin-pagi-bergerak-di-zona-merah-ke-level-7-242,positif
IHSG Diprediksi Menguat Simak Sentimen Domestik dan Global,detikFinance,"Senin, 08 Jul 2024 08:44 WIB",https://finance.detik.com/bursa-dan-valas/d-7427777/ihsg-diprediksi-menguat-simak-sentimen-domestik-dan-global,positif
Awal Pekan IHSG Dibuka di Zona Hijau,detikFinance,"Senin, 24 Jun 2024 09:21 WIB",https://finance.detik.com/bursa-dan-valas/d-7405202/awal-pekan-ihsg-dibuka-di-zona-hijau,positif
Usai Libur Panjang IHSG Hari Ini Diprediksi Melemah,detikFinance,"Rabu, 19 Jun 2024 08:45 WIB",https://finance.detik.com/bursa-dan-valas/d-7396986/usai-libur-panjang-ihsg-hari-ini-diprediksi-melemah,positif
Top! Jumlah Investor BBRI Naik Signifikan dalam 4 Bulan Terakhir,detikFinance,"Kamis, 13 Jun 2024 17:07 WIB",https://finance.detik.com/bursa-dan-valas/d-7389609/top-jumlah-investor-bbri-naik-signifikan-dalam-4-bulan-terakhir,negatif
Ada 'Diskon' Harga Saham Jumlah Investor BBRI Tembus Setengah Juta,detikFinance,"Kamis, 13 Jun 2024 16:18 WIB",https://finance.detik.com/bursa-dan-valas/d-7389445/ada-diskon-harga-saham-jumlah-investor-bbri-tembus-setengah-juta,negatif
IHSG Dibuka di Zona Hijau Diramal Mantul Hari Ini,detikFinance,"Kamis, 13 Jun 2024 09:11 WIB",https://finance.detik.com/bursa-dan-valas/d-7388556/ihsg-dibuka-di-zona-hijau-diramal-mantul-hari-ini,negatif
IHSG Rabu Pagi Bergerak ke Zona Merah di Level 6.851,detikFinance,"Rabu, 12 Jun 2024 09:15 WIB",https://finance.detik.com/bursa-dan-valas/d-7386716/ihsg-rabu-pagi-bergerak-ke-zona-merah-di-level-6-851,negatif
Awal Pekan IHSG Dibuka ke Level 6.897,detikFinance,"Senin, 10 Jun 2024 09:08 WIB",https://finance.detik.com/bursa-dan-valas/d-7382861/awal-pekan-ihsg-dibuka-ke-level-6-897,negatif
IHSG Ditutup Melemah Tinggalkan Level 7.000!,detikFinance,"Rabu, 05 Jun 2024 16:45 WIB",https://finance.detik.com/bursa-dan-valas/d-7375780/ihsg-ditutup-melemah-tinggalkan-level-7-000,negatif
IHSG Dibuka Menguat tapi Tak Lama Melempem ke Zona Merah,detikFinance,"Rabu, 05 Jun 2024 09:18 WIB",https://finance.detik.com/bursa-dan-valas/d-7374726/ihsg-dibuka-menguat-tapi-tak-lama-melempem-ke-zona-merah,negatif
Obligasi Pemerintah Disebut Investasi Paling Aman Ini Alasannya,detikFinance,"Kamis, 30 Mei  2024 10:31 WIB",https://finance.detik.com/berita-ekonomi-bisnis/d-7364778/obligasi-pemerintah-disebut-investasi-paling-aman-ini-alasannya,positif
IHSG Selasa Pagi Dibuka ke Level 7.099,detikFinance,"Selasa, 14 Mei  2024 09:15 WIB",https://finance.detik.com/bursa-dan-valas/d-7338715/ihsg-selasa-pagi-dibuka-ke-level-7-099,positif
Awal Pekan IHSG Bergerak di Zona Merah ke 7.069,detikFinance,"Senin, 13 Mei  2024 09:19 WIB",https://finance.detik.com/bursa-dan-valas/d-7336774/awal-pekan-ihsg-bergerak-di-zona-merah-ke-7-069,positif
Akhir Pekan IHSG Masih Betah di Zona Merah,detikFinance,"Jumat, 26 Apr 2024 09:13 WIB",https://finance.detik.com/bursa-dan-valas/d-7311311/akhir-pekan-ihsg-masih-betah-di-zona-merah,positif
Kompak Dengan Bursa Asia IHSG Mengawali Pekan Dengan Penguatan,detikFinance,"Senin, 22 Apr 2024 09:17 WIB",https://finance.detik.com/bursa-dan-valas/d-7303730/kompak-dengan-bursa-asia-ihsg-mengawali-pekan-dengan-penguatan,positif
Jelang Akhir Pekan IHSG Dibuka Turun ke Level 7.166,detikFinance,"Jumat, 19 Apr 2024 09:10 WIB",https://finance.detik.com/bursa-dan-valas/d-7299479/jelang-akhir-pekan-ihsg-dibuka-turun-ke-level-7-166,positif
IHSG Pagi Ini Dibuka di Level 7.166,detikFinance,"Kamis, 04 Apr 2024 09:08 WIB",https://finance.detik.com/bursa-dan-valas/d-7277498/ihsg-pagi-ini-dibuka-di-level-7-166,negatif
Alhamdulillah IHSG Hari Ini di Zona Hijau!,detikFinance,"Rabu, 27 Mar 2024 09:23 WIB",https://finance.detik.com/bursa-dan-valas/d-7263649/alhamdulillah-ihsg-hari-ini-di-zona-hijau,negatif
Duh IHSG Masih Loyo Terus Nih,detikFinance,"Selasa, 26 Mar 2024 09:12 WIB",https://finance.detik.com/bursa-dan-valas/d-7261675/duh-ihsg-masih-loyo-terus-nih,positif
IHSG Diprediksi Terkoreksi di 7.280-7.338 Analis Rekomendasi Saham Ini,detikFinance,"Selasa, 19 Mar 2024 08:20 WIB",https://finance.detik.com/bursa-dan-valas/d-7249092/ihsg-diprediksi-terkoreksi-di-7-280-7-338-analis-rekomendasi-saham-ini,negatif
IHSG Kembali Dibuka Menguat ke 7.341 Menguat 015%,detikFinance,"Kamis, 07 Mar 2024 09:13 WIB",https://finance.detik.com/bursa-dan-valas/d-7229359/ihsg-kembali-dibuka-menguat-ke-7-341-menguat-0-15,positif
Simak! Saham Pilihan buat Akhir Pekan,detikFinance,"Jumat, 01 Mar 2024 09:02 WIB",https://finance.detik.com/bursa-dan-valas/d-7219381/simak-saham-pilihan-buat-akhir-pekan,negatif
Daftar 6 Bank dengan Aset Terbesar RI BSI Balap CIMB Niaga,detikFinance,"Jumat, 23 Feb 2024 14:11 WIB",https://finance.detik.com/moneter/d-7208042/daftar-6-bank-dengan-aset-terbesar-ri-bsi-balap-cimb-niaga,negatif
Analis Pasar Modal Prediksi Saham BRIS Bisa Tembus Rp 2.700,detikFinance,"Kamis, 22 Feb 2024 12:41 WIB",https://finance.detik.com/bursa-dan-valas/d-7206021/analis-pasar-modal-prediksi-saham-bris-bisa-tembus-rp-2-700,negatif
Pajak 100 Orang Terkaya RI Mau 'Dipelototi' Anies Ini Daftar Namanya,detikFinance,"Kamis, 28 Des 2023 07:30 WIB",https://finance.detik.com/berita-ekonomi-bisnis/d-7111994/pajak-100-orang-terkaya-ri-mau-dipelototi-anies-ini-daftar-namanya,positif
Anies Mau 'Pelototi' Pajak 100 Orang Terkaya RI Ini Daftar Namanya,detikFinance,"Rabu, 27 Des 2023 15:38 WIB",https://finance.detik.com/berita-ekonomi-bisnis/d-7111109/anies-mau-pelototi-pajak-100-orang-terkaya-ri-ini-daftar-namanya,positif
Deretan Emiten Saham di Lingkaran Koalisi Capres-Cawapres,detikFinance,"Senin, 04 Des 2023 06:30 WIB",https://finance.detik.com/bursa-dan-valas/d-7070296/deretan-emiten-saham-di-lingkaran-koalisi-capres-cawapres,negatif
Emiten Saham di Lingkaran Capres-Cawapres Ada Dampaknya?,detikFinance,"Minggu, 03 Des 2023 22:13 WIB",https://finance.detik.com/bursa-dan-valas/d-7070077/emiten-saham-di-lingkaran-capres-cawapres-ada-dampaknya,negatif
Blue Chip,detikFinance,"Kamis, 02 Nov 2023 12:20 WIB",https://finance.detik.com/kamus/blue-chip-d-7015269,positif
Buruan Cek! Rekening BCA dengan Saldo Segini Ditutup Hari Ini,detikFinance,"Rabu, 01 Nov 2023 06:25 WIB",https://finance.detik.com/moneter/d-7012368/buruan-cek-rekening-bca-dengan-saldo-segini-ditutup-hari-ini,positif
BCA Borong 71.500 ton CO2 di Bursa Karbon Indonesia,detikFinance,"Jumat, 20 Okt 2023 14:52 WIB",https://finance.detik.com/bursa-dan-valas/d-6992953/bca-borong-71-500-ton-co2-di-bursa-karbon-indonesia,positif
Bursa Asia Mayoritas Melemah IHSG Hari Ini Dibuka di Dua Arah,detikFinance,"Rabu, 18 Okt 2023 09:15 WIB",https://finance.detik.com/bursa-dan-valas/d-6988121/bursa-asia-mayoritas-melemah-ihsg-hari-ini-dibuka-di-dua-arah,negatif
Saham Apa yang Bisa Jadi Pilihan Hari Ini? Nih Daftarnya,detikFinance,"Rabu, 18 Okt 2023 08:40 WIB",https://finance.detik.com/bursa-dan-valas/d-6988067/saham-apa-yang-bisa-jadi-pilihan-hari-ini-nih-daftarnya,negatif
Simak Saham-saham Pilihan Hari Ini Mana yang Bisa Kasih Cuan?,detikFinance,"Kamis, 12 Okt 2023 08:35 WIB",https://finance.detik.com/bursa-dan-valas/d-6977914/simak-saham-saham-pilihan-hari-ini-mana-yang-bisa-kasih-cuan,positif
IHSG Hari Ini Dibuka di Zona Hijau,detikFinance,"Kamis, 05 Okt 2023 09:16 WIB",https://finance.detik.com/bursa-dan-valas/d-6965866/ihsg-hari-ini-dibuka-di-zona-hijau,negatif
Catat! BCA Tutup Rekening dengan Saldo Rp 0 Mulai 1 November 2023,detikFinance,"Jumat, 29 Sep 2023 08:45 WIB",https://finance.detik.com/moneter/d-6955686/catat-bca-tutup-rekening-dengan-saldo-rp-0-mulai-1-november-2023,positif
Pengin Cuan Tambahan? Simak Dulu Saham-saham Ini,detikFinance,"Rabu, 20 Sep 2023 08:36 WIB",https://finance.detik.com/bursa-dan-valas/d-6940505/pengin-cuan-tambahan-simak-dulu-saham-saham-ini,negatif
Simak Saham-saham Pilihan yang Berpotensi Kasih Cuan,detikFinance,"Selasa, 19 Sep 2023 08:42 WIB",https://finance.detik.com/bursa-dan-valas/d-6938539/simak-saham-saham-pilihan-yang-berpotensi-kasih-cuan,positif
IHSG Hari Ini Menguat Makin Dekat ke 7.000,detikFinance,"Senin, 18 Sep 2023 09:06 WIB",https://finance.detik.com/bursa-dan-valas/d-6936657/ihsg-hari-ini-menguat-makin-dekat-ke-7-000,positif
Bagaimana Pergerakan Harga Saham Awal Pekan?,detikFinance,"Senin, 18 Sep 2023 08:55 WIB",https://finance.detik.com/bursa-dan-valas/d-6936637/bagaimana-pergerakan-harga-saham-awal-pekan,positif
IHSG Diprediksi Bergerak ke 6.954 Simak Rekomendasi Saham Hari Ini,detikFinance,"Kamis, 14 Sep 2023 08:38 WIB",https://finance.detik.com/bursa-dan-valas/d-6930173/ihsg-diprediksi-bergerak-ke-6-954-simak-rekomendasi-saham-hari-ini,positif
IHSG Hari Ini Dibuka di Zona Merah,detikFinance,"Rabu, 13 Sep 2023 09:32 WIB",https://finance.detik.com/bursa-dan-valas/d-6928218/ihsg-hari-ini-dibuka-di-zona-merah,negatif
IHSG Masih Merah di Perdagangan Awal Pekan,detikFinance,"Senin, 11 Sep 2023 09:22 WIB",https://finance.detik.com/bursa-dan-valas/d-6924226/ihsg-masih-merah-di-perdagangan-awal-pekan,positif
Akhir Pekan IHSG Sempat Dibuka Hijau Eh Merah Lagi,detikFinance,"Jumat, 08 Sep 2023 09:28 WIB",https://finance.detik.com/bursa-dan-valas/d-6919830/akhir-pekan-ihsg-sempat-dibuka-hijau-eh-merah-lagi,positif
IHSG Dibuka Hijau Mendekati Level 7.000,detikFinance,"Rabu, 30 Agu 2023 09:22 WIB",https://finance.detik.com/bursa-dan-valas/d-6903067/ihsg-dibuka-hijau-mendekati-level-7-000,negatif
IHSG Dibuka ke Level 6.921 Bursa Asia Serentak Hijau,detikFinance,"Selasa, 29 Agu 2023 09:42 WIB",https://finance.detik.com/bursa-dan-valas/d-6901202/ihsg-dibuka-ke-level-6-921-bursa-asia-serentak-hijau,negatif
IHSG Pagi Ini Dibuka Menguat ke 6.895 Bursa Asia Melesat,detikFinance,"Senin, 28 Agu 2023 09:50 WIB",https://finance.detik.com/bursa-dan-valas/d-6899088/ihsg-pagi-ini-dibuka-menguat-ke-6-895-bursa-asia-melesat,negatif
IHSG Dibuka Merah ke 6.894 Turun 007%,detikFinance,"Jumat, 25 Agu 2023 09:08 WIB",https://finance.detik.com/bursa-dan-valas/d-6894695/ihsg-dibuka-merah-ke-6-894-turun-0-07,positif
IHSG Pagi Ini Dibuka Merah di 6.919 Turun 002%,detikFinance,"Kamis, 24 Agu 2023 09:15 WIB",https://finance.detik.com/bursa-dan-valas/d-6892718/ihsg-pagi-ini-dibuka-merah-di-6-919-turun-0-02,negatif
3 Fakta Bos BCA Kasih Hadiah Saham Rp 74 Miliar ke Anaknya,detikFinance,"Selasa, 22 Agu 2023 06:30 WIB",https://finance.detik.com/bursa-dan-valas/d-6888586/3-fakta-bos-bca-kasih-hadiah-saham-rp-74-miliar-ke-anaknya,positif
Sisa Kepemilikan Saham Bos BCA Usai Beri Hadiah Senilai Rp 74 M ke Anaknya,detikFinance,"Senin, 21 Agu 2023 14:04 WIB",https://finance.detik.com/bursa-dan-valas/d-6887607/sisa-kepemilikan-saham-bos-bca-usai-beri-hadiah-senilai-rp-74-m-ke-anaknya,negatif
Bos BCA Beri Hadiah Saham buat Dua Anaknya Senilai Rp 74 Miliar!,detikFinance,"Senin, 21 Agu 2023 11:09 WIB",https://finance.detik.com/bursa-dan-valas/d-6887169/bos-bca-beri-hadiah-saham-buat-dua-anaknya-senilai-rp-74-miliar,negatif
IHSG Sempat Dibuka Melemah Lalu Balik Arah Menguat!,detikFinance,"Selasa, 15 Agu 2023 09:31 WIB",https://finance.detik.com/bursa-dan-valas/d-6876898/ihsg-sempat-dibuka-melemah-lalu-balik-arah-menguat,negatif
Lanjutkan Pelemahan IHSG Pagi Ini Dibuka Melemah di 6.875,detikFinance,"Rabu, 02 Agu 2023 09:09 WIB",https://finance.detik.com/bursa-dan-valas/d-6854176/lanjutkan-pelemahan-ihsg-pagi-ini-dibuka-melemah-di-6-875,positif
Seharian Merah IHSG Ditutup Melemah 065% ke Level 6.886,detikFinance,"Selasa, 01 Agu 2023 16:35 WIB",https://finance.detik.com/bursa-dan-valas/d-6853228/seharian-merah-ihsg-ditutup-melemah-0-65-ke-level-6-886,negatif
Bahana Prediksi IHSG Tembus 7.200 Sampai Akhir 2023,detikFinance,"Selasa, 01 Agu 2023 15:55 WIB",https://finance.detik.com/bursa-dan-valas/d-6853107/bahana-prediksi-ihsg-tembus-7-200-sampai-akhir-2023,negatif
IHSG Selasa Pagi Dibuka Melemah ke Level 6.915,detikFinance,"Selasa, 01 Agu 2023 09:14 WIB",https://finance.detik.com/bursa-dan-valas/d-6852175/ihsg-selasa-pagi-dibuka-melemah-ke-level-6-915,negatif
Laba BCA Naik 34% Tembus Rp 242 T Selama 6 Bulan 2023,detikFinance,"Senin, 24 Jul 2023 16:36 WIB",https://finance.detik.com/bursa-dan-valas/d-6839005/laba-bca-naik-34-tembus-rp-24-2-t-selama-6-bulan-2023,positif
IHSG Pagi Ini Dibuka Menguat 31 Poin ke Level 6.898,detikFinance,"Selasa, 18 Jul 2023 09:13 WIB",https://finance.detik.com/bursa-dan-valas/d-6828400/ihsg-pagi-ini-dibuka-menguat-31-poin-ke-level-6-898,negatif
IHSG Pagi Ini Dibuka Merah Turun 012%,detikFinance,"Senin, 19 Jun 2023 09:19 WIB",https://finance.detik.com/bursa-dan-valas/d-6780140/ihsg-pagi-ini-dibuka-merah-turun-0-12,positif
IHSG Pagi Ini Dibuka Menguat Tipis di 6.719,detikFinance,"Jumat, 16 Jun 2023 09:15 WIB",https://finance.detik.com/bursa-dan-valas/d-6775613/ihsg-pagi-ini-dibuka-menguat-tipis-di-6-719,negatif
IHSG Dibuka di Dua Arah Bursa Asia 'Kebakaran',detikFinance,"Rabu, 24 Mei  2023 09:04 WIB",https://finance.detik.com/bursa-dan-valas/d-6735570/ihsg-dibuka-di-dua-arah-bursa-asia-kebakaran,negatif
Tiket Coldplay Mulai Dijual Saham BCA Merangkak Naik!,detikFinance,"Rabu, 17 Mei  2023 14:56 WIB",https://finance.detik.com/bursa-dan-valas/d-6725142/tiket-coldplay-mulai-dijual-saham-bca-merangkak-naik,positif
Geger Krisis Perbankan di AS Investasi Apa yang Aman?,detikFinance,"Senin, 08 Mei  2023 06:30 WIB",https://finance.detik.com/portofolio/d-6708659/geger-krisis-perbankan-di-as-investasi-apa-yang-aman,negatif
IHSG Dibuka Hijau Senada dengan Bursa Asia,detikFinance,"Jumat, 17 Mar 2023 09:04 WIB",https://finance.detik.com/bursa-dan-valas/d-6623778/ihsg-dibuka-hijau-senada-dengan-bursa-asia,positif
Belum Mampu Rebound IHSG Masih Melemah,detikFinance,"Kamis, 16 Mar 2023 09:06 WIB",https://finance.detik.com/bursa-dan-valas/d-6621701/belum-mampu-rebound-ihsg-masih-melemah,positif
IHSG Babak Belur Dihantam Efek Bank Silicon Valley Bagaimana Proyeksinya?,detikFinance,"Selasa, 14 Mar 2023 18:00 WIB",https://finance.detik.com/bursa-dan-valas/d-6618716/ihsg-babak-belur-dihantam-efek-bank-silicon-valley-bagaimana-proyeksinya,negatif
Efek Bank Silicon Valley Bangkrut Saham Perbankan-Teknologi Amsyong,detikFinance,"Selasa, 14 Mar 2023 14:27 WIB",https://finance.detik.com/bursa-dan-valas/d-6618255/efek-bank-silicon-valley-bangkrut-saham-perbankan-teknologi-amsyong,negatif
Ada Waran Terstruktur Baru di BEI Ini Keuntungannya,detikFinance,"Senin, 13 Feb 2023 13:18 WIB",https://finance.detik.com/bursa-dan-valas/d-6566653/ada-waran-terstruktur-baru-di-bei-ini-keuntungannya,negatif
IHSG Diramal Bergerak di Rentang 6.772-6.900,detikFinance,"Senin, 13 Feb 2023 08:37 WIB",https://finance.detik.com/market-research/d-6565401/ihsg-diramal-bergerak-di-rentang-6-772-6-900,negatif
Emiten Bank Raksasa Dulang Cuan Jumbo Bagaimana Prospek Sahamnya?,detikFinance,"Senin, 30 Jan 2023 06:30 WIB",https://finance.detik.com/portofolio/d-6541057/emiten-bank-raksasa-dulang-cuan-jumbo-bagaimana-prospek-sahamnya,negatif
Kinerja BCA Masih Moncer 2022 Raup Laba Bersih Rp 40 Triliun!,detikFinance,"Kamis, 26 Jan 2023 15:33 WIB",https://finance.detik.com/bursa-dan-valas/d-6535771/kinerja-bca-masih-moncer-2022-raup-laba-bersih-rp-40-triliun,positif
Emiten SCTV dan Sandiaga Masuk LQ45 Ini Daftar Terbarunya,detikFinance,"Kamis, 26 Jan 2023 11:06 WIB",https://finance.detik.com/bursa-dan-valas/d-6535116/emiten-sctv-dan-sandiaga-masuk-lq45-ini-daftar-terbarunya,positif
Tunggu The Fed Saham Tech Diramal Bakal Jadi Market Leader Global,detikFinance,"Selasa, 10 Jan 2023 14:45 WIB",https://finance.detik.com/bursa-dan-valas/d-6507989/tunggu-the-fed-saham-tech-diramal-bakal-jadi-market-leader-global,negatif
Deretan Saham yang Patut Dilirik Saat IHSG Diramal Naik Hari Ini,detikFinance,"Senin, 09 Jan 2023 09:32 WIB",https://finance.detik.com/market-research/d-6505249/deretan-saham-yang-patut-dilirik-saat-ihsg-diramal-naik-hari-ini,negatif
Saham GOTO Pelan-pelan Naik Apa Penggeraknya?,detikFinance,"Senin, 09 Jan 2023 08:40 WIB",https://finance.detik.com/bursa-dan-valas/d-6505232/saham-goto-pelan-pelan-naik-apa-penggeraknya,negatif
Jadi Orang Terkaya RI Ini Bisnis Low Tuck Kwong dan Duo Hartono,detikFinance,"Senin, 26 Des 2022 14:38 WIB",https://finance.detik.com/berita-ekonomi-bisnis/d-6481699/jadi-orang-terkaya-ri-ini-bisnis-low-tuck-kwong-dan-duo-hartono,positif
IHSG Diramal Rebound Hari Ini Intip Rekomendasi Sahamnya,detikFinance,"Kamis, 08 Des 2022 08:34 WIB",https://finance.detik.com/market-research/d-6449234/ihsg-diramal-rebound-hari-ini-intip-rekomendasi-sahamnya,positif
Sumber Kekayaan Hartono Bersaudara Kakak Beradik Berharta Rp 695 T,detikFinance,"Rabu, 09 Nov 2022 08:00 WIB",https://finance.detik.com/berita-ekonomi-bisnis/d-6394893/sumber-kekayaan-hartono-bersaudara-kakak-beradik-berharta-rp-695-t,positif
Gembok Saham GoTo Bakal Dibuka Investor Jangan Grasa-grusu,detikFinance,"Selasa, 25 Okt 2022 12:24 WIB",https://finance.detik.com/bursa-dan-valas/d-6367652/gembok-saham-goto-bakal-dibuka-investor-jangan-grasa-grusu,negatif
Mantap IPO Blibli Jamin Grup Djarum Nggak Bakal Cabut,detikFinance,"Selasa, 18 Okt 2022 18:19 WIB",https://finance.detik.com/bursa-dan-valas/d-6355584/mantap-ipo-blibli-jamin-grup-djarum-nggak-bakal-cabut,positif
Investor Asing Diam-diam Borong Saham GOTO,detikFinance,"Minggu, 16 Okt 2022 23:00 WIB",https://finance.detik.com/bursa-dan-valas/d-6351596/investor-asing-diam-diam-borong-saham-goto,negatif
Ikut Jejak Jahja 2 Direksi BCA Lepas Saham Rp 79 Miliar,detikFinance,"Selasa, 20 Sep 2022 15:37 WIB",https://finance.detik.com/bursa-dan-valas/d-6302124/ikut-jejak-jahja-2-direksi-bca-lepas-saham-rp-7-9-miliar,negatif
Bos BCA Jual 1 Juta Lembar Saham Sebagian buat Renovasi Rumah,detikFinance,"Minggu, 18 Sep 2022 17:34 WIB",https://finance.detik.com/bursa-dan-valas/d-6298322/bos-bca-jual-1-juta-lembar-saham-sebagian-buat-renovasi-rumah,negatif
Harga Saham BCA Tembus Rp 8.700 Harta Duo Hartono To The Moon,detikFinance,"Jumat, 16 Sep 2022 13:55 WIB",https://finance.detik.com/bursa-dan-valas/d-6295123/harga-saham-bca-tembus-rp-8-700-harta-duo-hartono-to-the-moon,negatif
IHSG Menguat Jelang Akhir Pekan Ini Saham-saham yang Bisa Kasih Cuan,detikFinance,"Jumat, 26 Agu 2022 09:26 WIB",https://finance.detik.com/bursa-dan-valas/d-6255071/ihsg-menguat-jelang-akhir-pekan-ini-saham-saham-yang-bisa-kasih-cuan,positif
IHSG Dibuka 2 Arah Ini Saham-saham yang Layak Dikoleksi,detikFinance,"Kamis, 25 Agu 2022 09:06 WIB",https://finance.detik.com/bursa-dan-valas/d-6253001/ihsg-dibuka-2-arah-ini-saham-saham-yang-layak-dikoleksi,positif
Hari Kejepit IHSG Bergerak Terbatas,detikFinance,"Senin, 15 Agu 2022 08:44 WIB",https://finance.detik.com/market-research/d-6234929/hari-kejepit-ihsg-bergerak-terbatas,positif
IHSG Tembus Level 7.000 Lagi!,detikFinance,"Jumat, 29 Jul 2022 09:12 WIB",https://finance.detik.com/bursa-dan-valas/d-6205048/ihsg-tembus-level-7-000-lagi,positif
IHSG Menguat Lagi Terus Dekati Level 7.000,detikFinance,"Kamis, 28 Jul 2022 09:10 WIB",https://finance.detik.com/bursa-dan-valas/d-6203003/ihsg-menguat-lagi-terus-dekati-level-7-000,positif
Marak Sentimen Negatif IHSG Bakal Bergerak Terbatas,detikFinance,"Jumat, 15 Jul 2022 08:46 WIB",https://finance.detik.com/market-research/d-6180132/marak-sentimen-negatif-ihsg-bakal-bergerak-terbatas,positif
IHSG Hari Ini Dibuka Perkasa Melesat 1%,detikFinance,"Jumat, 08 Jul 2022 09:07 WIB",https://finance.detik.com/bursa-dan-valas/d-6168428/ihsg-hari-ini-dibuka-perkasa-melesat-1,positif
Boris Johnson Mau Mundur IHSG Kena Efeknya?,detikFinance,"Kamis, 07 Jul 2022 16:49 WIB",https://finance.detik.com/bursa-dan-valas/d-6167403/boris-johnson-mau-mundur-ihsg-kena-efeknya,negatif
IHSG Dibuka 2 Arah Ini Saham-saham yang Bisa Cuan,detikFinance,"Kamis, 07 Jul 2022 09:08 WIB",https://finance.detik.com/bursa-dan-valas/d-6166376/ihsg-dibuka-2-arah-ini-saham-saham-yang-bisa-cuan,negatif
IHSG Dibuka Loyo Cek Saham-saham Rekomendasi Ini,detikFinance,"Rabu, 06 Jul 2022 09:14 WIB",https://finance.detik.com/bursa-dan-valas/d-6164427/ihsg-dibuka-loyo-cek-saham-saham-rekomendasi-ini,negatif
Kemarin Anjlok IHSG Ada Potensi Rebound,detikFinance,"Selasa, 05 Jul 2022 08:52 WIB",https://finance.detik.com/market-research/d-6162460/kemarin-anjlok-ihsg-ada-potensi-rebound,positif
Alert! Pagi-pagi IHSG Jatuh Lebih dari 3%,detikFinance,"Senin, 04 Jul 2022 10:14 WIB",https://finance.detik.com/bursa-dan-valas/d-6160683/alert-pagi-pagi-ihsg-jatuh-lebih-dari-3,negatif
Awal Pekan IHSG Dibuka Loyo Saham Apa yang Layak Dibeli?,detikFinance,"Senin, 04 Jul 2022 09:23 WIB",https://finance.detik.com/bursa-dan-valas/d-6160603/awal-pekan-ihsg-dibuka-loyo-saham-apa-yang-layak-dibeli,negatif
IHSG Hari Ini Dibuka Menguat Intip Saham-saham yang Layak Dibeli,detikFinance,"Jumat, 01 Jul 2022 09:17 WIB",https://finance.detik.com/bursa-dan-valas/d-6156321/ihsg-hari-ini-dibuka-menguat-intip-saham-saham-yang-layak-dibeli,negatif
Jumbo! Ini Jumlah Anggaran 10 Perusahaan Raksasa RI untuk Gaji Karyawan,detikFinance,"Senin, 27 Jun 2022 13:00 WIB",https://finance.detik.com/bursa-dan-valas/d-6148970/jumbo-ini-jumlah-anggaran-10-perusahaan-raksasa-ri-untuk-gaji-karyawan,negatif
Musim Bagi-bagi Dividen Bisa Dorong IHSG ke Zona Hijau,detikFinance,"Senin, 27 Jun 2022 08:51 WIB",https://finance.detik.com/market-research/d-6148525/musim-bagi-bagi-dividen-bisa-dorong-ihsg-ke-zona-hijau,negatif
The Fed Kerek Bunga Acuan 075% IHSG Langsung Terjun Bebas,detikFinance,"Jumat, 17 Jun 2022 09:22 WIB",https://finance.detik.com/bursa-dan-valas/d-6131855/the-fed-kerek-bunga-acuan-0-75-ihsg-langsung-terjun-bebas,positif
IHSG Merah Saham HMSP Hingga BMRI Bisa Jadi Pilihan,detikFinance,"Kamis, 09 Jun 2022 09:05 WIB",https://finance.detik.com/bursa-dan-valas/d-6117795/ihsg-merah-saham-hmsp-hingga-bmri-bisa-jadi-pilihan,negatif
Laju Penguatan Saham GoTo di Tengah Landainya IHSG,detikFinance,"Jumat, 03 Jun 2022 06:15 WIB",https://finance.detik.com/bursa-dan-valas/d-6107788/laju-penguatan-saham-goto-di-tengah-landainya-ihsg,negatif
IHSG Dibuka Cerah Cek Menu-menu Cuan Ini,detikFinance,"Senin, 30 Mei  2022 09:28 WIB",https://finance.detik.com/bursa-dan-valas/d-6101420/ihsg-dibuka-cerah-cek-menu-menu-cuan-ini,positif
IHSG Melesat 1% Lebih Ini Saham-saham yang Bisa Kasih Cuan!,detikFinance,"Jumat, 27 Mei  2022 09:07 WIB",https://finance.detik.com/bursa-dan-valas/d-6097268/ihsg-melesat-1-lebih-ini-saham-saham-yang-bisa-kasih-cuan,positif
Membandingkan Kinerja GoTo dengan Saham Emiten Teknologi Global,detikFinance,"Rabu, 25 Mei  2022 12:32 WIB",https://finance.detik.com/bursa-dan-valas/d-6094846/membandingkan-kinerja-goto-dengan-saham-emiten-teknologi-global,positif
Direktur Keuangan Borong 401 Ribu Saham BCA Nilainya Rp 3 Miliar!,detikFinance,"Rabu, 18 Mei  2022 15:17 WIB",https://finance.detik.com/bursa-dan-valas/d-6083369/direktur-keuangan-borong-401-ribu-saham-bca-nilainya-rp-3-miliar,negatif
Intip Gaji Komisaris Direksi Bank BUMN-Swasta Top RI Tembus Miliaran!,detikFinance,"Selasa, 17 Mei  2022 18:30 WIB",https://finance.detik.com/berita-ekonomi-bisnis/d-6081210/intip-gaji-komisaris-direksi-bank-bumn-swasta-top-ri-tembus-miliaran,positif
IHSG Hari Ini Dibuka 'Berdarah' Cek Saham-saham yang Bisa Dibeli!,detikFinance,"Jumat, 22 Apr 2022 09:06 WIB",https://finance.detik.com/bursa-dan-valas/d-6045014/ihsg-hari-ini-dibuka-berdarah-cek-saham-saham-yang-bisa-dibeli,positif
IHSG Hari Ini Tancap Gas! BBCA Hingga RALS Bisa Dijual,detikFinance,"Senin, 18 Apr 2022 09:30 WIB",https://finance.detik.com/bursa-dan-valas/d-6037763/ihsg-hari-ini-tancap-gas-bbca-hingga-rals-bisa-dijual,positif
IHSG Hari Ini Dibuka Hijau Saham BBCA Hingga RALS Bisa Disantap,detikFinance,"Kamis, 14 Apr 2022 09:08 WIB",https://finance.detik.com/bursa-dan-valas/d-6032202/ihsg-hari-ini-dibuka-hijau-saham-bbca-hingga-rals-bisa-disantap,negatif
Mengenal Indeks Saham IDX30 Fungsi serta Daftar Lengkapnya,detikFinance,"Rabu, 13 Apr 2022 09:31 WIB",https://finance.detik.com/bursa-dan-valas/d-6030356/mengenal-indeks-saham-idx30-fungsi-serta-daftar-lengkapnya,negatif
IHSG Hari Ini Dibuka Menguat BBCA Hingga PWON Bisa Jadi Santapan,detikFinance,"Rabu, 13 Apr 2022 09:10 WIB",https://finance.detik.com/bursa-dan-valas/d-6030336/ihsg-hari-ini-dibuka-menguat-bbca-hingga-pwon-bisa-jadi-santapan,negatif
Apa Itu Market Cap? Ini Pengertian Cara Hitung hingga Strategi Investasinya,detikFinance,"Rabu, 06 Apr 2022 18:39 WIB",https://finance.detik.com/berita-ekonomi-bisnis/d-6018882/apa-itu-market-cap-ini-pengertian-cara-hitung-hingga-strategi-investasinya,positif
Masih Rugi Saham GoTo Layak Dibeli?,detikFinance,"Rabu, 30 Mar 2022 13:29 WIB",https://finance.detik.com/bursa-dan-valas/d-6007916/masih-rugi-saham-goto-layak-dibeli,positif
IHSG Hari Ini Menguat Lagi Cek Saham-saham Pilihan,detikFinance,"Jumat, 18 Mar 2022 09:13 WIB",https://finance.detik.com/bursa-dan-valas/d-5989019/ihsg-hari-ini-menguat-lagi-cek-saham-saham-pilihan,negatif
BCA Rombak Direksi dan Ganti Wadirut,detikFinance,"Kamis, 17 Mar 2022 17:45 WIB",https://finance.detik.com/bursa-dan-valas/d-5988169/bca-rombak-direksi-dan-ganti-wadirut,negatif
Mantap! BCA Bagi-bagi Dividen Rp 179 Triliun,detikFinance,"Kamis, 17 Mar 2022 16:51 WIB",https://finance.detik.com/bursa-dan-valas/d-5988085/mantap-bca-bagi-bagi-dividen-rp-17-9-triliun,negatif
IHSG Hari Ini Tembus ke Level 7.000!,detikFinance,"Kamis, 17 Mar 2022 09:15 WIB",https://finance.detik.com/bursa-dan-valas/d-5987107/ihsg-hari-ini-tembus-ke-level-7-000,negatif
IHSG Hari Ini 'Parkir' di 6.952 Masih Hijau,detikFinance,"Rabu, 16 Mar 2022 12:43 WIB",https://finance.detik.com/bursa-dan-valas/d-5985748/ihsg-hari-ini-parkir-di-6-952-masih-hijau,negatif
IHSG Hari Ini Menguat ke 6.952 Cek Saham yang Bisa Cuan,detikFinance,"Rabu, 16 Mar 2022 09:24 WIB",https://finance.detik.com/bursa-dan-valas/d-5985349/ihsg-hari-ini-menguat-ke-6-952-cek-saham-yang-bisa-cuan,negatif
IHSG Hari Ini Menguat Simak Saham-saham yang Berpotensi Cuan!,detikFinance,"Selasa, 15 Mar 2022 09:38 WIB",https://finance.detik.com/bursa-dan-valas/d-5983448/ihsg-hari-ini-menguat-simak-saham-saham-yang-berpotensi-cuan,negatif
IHSG Hari Ini Dibuka Menguat Simak Saham-saham yang Bisa Cuan Ini,detikFinance,"Senin, 14 Mar 2022 09:14 WIB",https://finance.detik.com/bursa-dan-valas/d-5981701/ihsg-hari-ini-dibuka-menguat-simak-saham-saham-yang-bisa-cuan-ini,negatif
IHSG Hari Ini Kebakaran! Bursa Asia Juga Keok,detikFinance,"Senin, 07 Mar 2022 09:10 WIB",https://finance.detik.com/bursa-dan-valas/d-5971355/ihsg-hari-ini-kebakaran-bursa-asia-juga-keok,positif
IHSG Hari Ini Dibuka Gagah! Bursa Asia Keok,detikFinance,"Jumat, 04 Mar 2022 09:10 WIB",https://finance.detik.com/bursa-dan-valas/d-5967625/ihsg-hari-ini-dibuka-gagah-bursa-asia-keok,negatif
IHSG Hari Ini Juara Bursa Asia Lain Kebakaran!,detikFinance,"Rabu, 02 Mar 2022 09:07 WIB",https://finance.detik.com/bursa-dan-valas/d-5964815/ihsg-hari-ini-juara-bursa-asia-lain-kebakaran,negatif
IHSG Hari Ini Dibuka Melesat 1% Lebih Cetak Rekor Lagi,detikFinance,"Selasa, 01 Mar 2022 09:14 WIB",https://finance.detik.com/bursa-dan-valas/d-5963098/ihsg-hari-ini-dibuka-melesat-1-lebih-cetak-rekor-lagi,negatif
IHSG Hari Ini di Luar Dugaan Sesi 1 Naik Hampir 1%,detikFinance,"Jumat, 25 Feb 2022 12:08 WIB",https://finance.detik.com/bursa-dan-valas/d-5958453/ihsg-hari-ini-di-luar-dugaan-sesi-1-naik-hampir-1,positif
IHSG Hari Ini Dibuka Menguat Cek Saham-saham yang Bisa Bikin Untung,detikFinance,"Jumat, 25 Feb 2022 09:13 WIB",https://finance.detik.com/bursa-dan-valas/d-5958205/ihsg-hari-ini-dibuka-menguat-cek-saham-saham-yang-bisa-bikin-untung,positif
IHSG Hari Ini 'Kebakaran' Cek Rekomendasi Saham Berikut!,detikFinance,"Kamis, 24 Feb 2022 09:10 WIB",https://finance.detik.com/bursa-dan-valas/d-5956356/ihsg-hari-ini-kebakaran-cek-rekomendasi-saham-berikut,negatif
IHSG Bisa Cetak Rekor Lagi Nggak?,detikFinance,"Kamis, 10 Feb 2022 21:00 WIB",https://finance.detik.com/bursa-dan-valas/d-5936876/ihsg-bisa-cetak-rekor-lagi-nggak,negatif
IHSG Lagi Tancap Gas Simak Rekomendasi Saham Biar Cuan,detikFinance,"Kamis, 10 Feb 2022 14:12 WIB",https://finance.detik.com/bursa-dan-valas/d-5936473/ihsg-lagi-tancap-gas-simak-rekomendasi-saham-biar-cuan,negatif
Gaji Komisaris-Direksi Bank BUMN-Swasta Top RI Ini Sampai Miliaran!,detikFinance,"Kamis, 10 Feb 2022 10:28 WIB",https://finance.detik.com/berita-ekonomi-bisnis/d-5936128/gaji-komisaris-direksi-bank-bumn-swasta-top-ri-ini-sampai-miliaran,negatif
Simak! Bos BCA Bagikan Tips Investasi buat Pemula Nih,detikFinance,"Rabu, 09 Feb 2022 12:21 WIB",https://finance.detik.com/bursa-dan-valas/d-5934672/simak-bos-bca-bagikan-tips-investasi-buat-pemula-nih,negatif
Penguatan Terbatas IHSG Hari Ini Diproyeksi Masih Merah,detikFinance,"Rabu, 09 Feb 2022 08:53 WIB",https://finance.detik.com/market-research/d-5934342/penguatan-terbatas-ihsg-hari-ini-diproyeksi-masih-merah,negatif
IHSG Diprediksi Cetak Rekor Lagi Intip Saham Rekomendasinya,detikFinance,"Selasa, 08 Feb 2022 08:42 WIB",https://finance.detik.com/market-research/d-5932721/ihsg-diprediksi-cetak-rekor-lagi-intip-saham-rekomendasinya,positif
IHSG Diprediksi Bangkit Lagi Intip Rekomendasi Saham yang Dibeli,detikFinance,"Senin, 07 Feb 2022 08:48 WIB",https://finance.detik.com/market-research/d-5931019/ihsg-diprediksi-bangkit-lagi-intip-rekomendasi-saham-yang-dibeli,negatif
IHSG Akhir Pekan Diprediksi Loyo Ini Saham Rekomendasinya,detikFinance,"Jumat, 04 Feb 2022 08:52 WIB",https://finance.detik.com/market-research/d-5927510/ihsg-akhir-pekan-diprediksi-loyo-ini-saham-rekomendasinya,positif
IHSG Diprediksi Hijau Lagi Cek Rekomendasi Saham yang Dibeli,detikFinance,"Kamis, 03 Feb 2022 08:47 WIB",https://finance.detik.com/market-research/d-5925984/ihsg-diprediksi-hijau-lagi-cek-rekomendasi-saham-yang-dibeli,negatif
Standby! BCA Mau Bagi-bagi Dividen Cek di Sini Tanggalnya,detikFinance,"Senin, 08 Nov 2021 18:51 WIB",https://finance.detik.com/bursa-dan-valas/d-5802513/standby-bca-mau-bagi-bagi-dividen-cek-di-sini-tanggalnya,positif
Kata Analis soal BNI yang Mau Akuisisi dan Bikin Bank Digital,detikFinance,"Minggu, 17 Okt 2021 21:32 WIB",https://finance.detik.com/moneter/d-5771319/kata-analis-soal-bni-yang-mau-akuisisi-dan-bikin-bank-digital,negatif
Saham BBCA Diserbu Investor Muda Usai Stock Split,detikFinance,"Kamis, 14 Okt 2021 09:15 WIB",https://finance.detik.com/bursa-dan-valas/d-5766026/saham-bbca-diserbu-investor-muda-usai-stock-split,negatif
Imbas Stock Split Harga Saham BCA Sekarang 'Cuma' Rp 7.000-an!,detikFinance,"Rabu, 13 Okt 2021 10:56 WIB",https://finance.detik.com/bursa-dan-valas/d-5764772/imbas-stock-split-harga-saham-bca-sekarang-cuma-rp-7-000-an,positif
Beli Saham BCA 14 Oktober Bakal Lebih Murah Berapa Harganya?,detikFinance,"Kamis, 07 Okt 2021 19:00 WIB",https://finance.detik.com/bursa-dan-valas/d-5757475/beli-saham-bca-14-oktober-bakal-lebih-murah-berapa-harganya,positif
Siap-siap! IHSG Diprediksi Tembus Rekor Baru di Tahun Ini,detikFinance,"Kamis, 07 Okt 2021 14:39 WIB",https://finance.detik.com/bursa-dan-valas/d-5756875/siap-siap-ihsg-diprediksi-tembus-rekor-baru-di-tahun-ini,positif
Mau Beli Saham BCA Murah? Tanggal Segini Dipecah 5,detikFinance,"Kamis, 07 Okt 2021 13:05 WIB",https://finance.detik.com/bursa-dan-valas/d-5756703/mau-beli-saham-bca-murah-tanggal-segini-dipecah-5,positif
IHSG Masih Diprediksi Melemah Saham-saham Ini Berpotensi Cuan!,detikFinance,"Rabu, 29 Sep 2021 08:39 WIB",https://finance.detik.com/market-research/d-5744543/ihsg-masih-diprediksi-melemah-saham-saham-ini-berpotensi-cuan,positif
IHSG Diprediksi Melemah Saham-saham Ini Bisa Jadi Pilihan,detikFinance,"Selasa, 28 Sep 2021 08:57 WIB",https://finance.detik.com/market-research/d-5743053/ihsg-diprediksi-melemah-saham-saham-ini-bisa-jadi-pilihan,positif
IHSG Diprediksi Menguat Hari Ini Simak Saham-saham Berpotensi Cuan!,detikFinance,"Jumat, 24 Sep 2021 08:48 WIB",https://finance.detik.com/market-research/d-5737672/ihsg-diprediksi-menguat-hari-ini-simak-saham-saham-berpotensi-cuan,positif
Lebih Murah Harga Saham BCA Akan Dipecah Jadi Segini,detikFinance,"Kamis, 23 Sep 2021 12:25 WIB",https://finance.detik.com/bursa-dan-valas/d-5736405/lebih-murah-harga-saham-bca-akan-dipecah-jadi-segini,positif
Mau Beli Rumah Tapi Males Keluar? Cek Ini Dulu Deh,detikFinance,"Rabu, 08 Sep 2021 19:15 WIB",https://finance.detik.com/properti/d-5715562/mau-beli-rumah-tapi-males-keluar-cek-ini-dulu-deh,negatif
Bos BCA Ramal di Masa Depan Bank Digital RI Cuma Sisa 3,detikFinance,"Kamis, 12 Agu 2021 11:25 WIB",https://finance.detik.com/moneter/d-5679040/bos-bca-ramal-di-masa-depan-bank-digital-ri-cuma-sisa-3,positif
bank bjb Raih Peringkat Pertama Bank Go Public Versi InfoBank,detikFinance,"Rabu, 11 Agu 2021 14:02 WIB",https://finance.detik.com/moneter/d-5678197/bank-bjb-raih-peringkat-pertama-bank-go-public-versi-infobank,positif
BCA Mau Stock Split Saham 1:5 Harganya Jadi Lebih Murah,detikFinance,"Sabtu, 31 Jul 2021 19:12 WIB",https://finance.detik.com/moneter/d-5664562/bca-mau-stock-split-saham-1-5-harganya-jadi-lebih-murah,positif
BCA Stock Split Saham 1:5 Harganya Jadi Berapa?,detikFinance,"Sabtu, 31 Jul 2021 11:00 WIB",https://finance.detik.com/bursa-dan-valas/d-5663934/bca-stock-split-saham-1-5-harganya-jadi-berapa,positif
Bos BCA Ungkap Biang Kerok Anjloknya Kredit Rumah dan Kendaraan,detikFinance,"Jumat, 30 Jul 2021 20:15 WIB",https://finance.detik.com/moneter/d-5663569/bos-bca-ungkap-biang-kerok-anjloknya-kredit-rumah-dan-kendaraan,negatif
Pilih Oktober buat Stock Split Saham Bos BCA: Pas Market Hot Lagi!,detikFinance,"Jumat, 30 Jul 2021 19:45 WIB",https://finance.detik.com/bursa-dan-valas/d-5663504/pilih-oktober-buat-stock-split-saham-bos-bca-pas-market-hot-lagi,negatif
BCA Stock Split Sahamnya Demi Gaet Investor Milenial ,detikFinance,"Jumat, 30 Jul 2021 16:43 WIB",https://finance.detik.com/bursa-dan-valas/d-5663271/bca-stock-split-sahamnya-demi-gaet-investor-milenial,negatif
Imbas PPKM Darurat KPR & KKB BCA Drop,detikFinance,"Kamis, 22 Jul 2021 19:15 WIB",https://finance.detik.com/moneter/d-5652986/imbas-ppkm-darurat-kpr-kkb-bca-drop,negatif
Mohon Sabar BCA Digital Masih Bayi IPO Masih Lama,detikFinance,"Kamis, 22 Jul 2021 18:05 WIB",https://finance.detik.com/bursa-dan-valas/d-5652941/mohon-sabar-bca-digital-masih-bayi-ipo-masih-lama,negatif
Semester I BCA Raup Laba Rp145 T Naik 18%,detikFinance,"Kamis, 22 Jul 2021 16:40 WIB",https://finance.detik.com/bursa-dan-valas/d-5652789/semester-i-bca-raup-laba-rp14-5-t-naik-18,negatif
BCA Digital Bakal IPO Induknya Diinterogasi BEI,detikFinance,"Senin, 12 Jul 2021 11:41 WIB",https://finance.detik.com/bursa-dan-valas/d-5640194/bca-digital-bakal-ipo-induknya-diinterogasi-bei,positif
Minat Investasi Asing ke RI Sedang Tinggi Pemerintah Bisa Apa?,detikFinance,"Rabu, 28 Apr 2021 16:40 WIB",https://finance.detik.com/berita-ekonomi-bisnis/d-5549962/minat-investasi-asing-ke-ri-sedang-tinggi-pemerintah-bisa-apa,positif
Ada Kementerian Investasi Peringkat Investasi RI Bisa Naik?,detikFinance,"Rabu, 28 Apr 2021 15:44 WIB",https://finance.detik.com/berita-ekonomi-bisnis/d-5549854/ada-kementerian-investasi-peringkat-investasi-ri-bisa-naik,positif
Jahja Setiaatmadja Borong Saham BCA Rp 77 M,detikFinance,"Sabtu, 10 Apr 2021 17:15 WIB",https://finance.detik.com/bursa-dan-valas/d-5527549/jahja-setiaatmadja-borong-saham-bca-rp-7-7-m,negatif
Super App BCA Kapan Meluncur?,detikFinance,"Rabu, 07 Apr 2021 15:22 WIB",https://finance.detik.com/moneter/d-5523618/super-app-bca-kapan-meluncur,negatif
Ada DP KPR 0% Bos BCA Jahja Setiaatmadja Ingatkan soal Ini,detikFinance,"Kamis, 04 Mar 2021 15:59 WIB",https://finance.detik.com/moneter/d-5480911/ada-dp-kpr-0-bos-bca-jahja-setiaatmadja-ingatkan-soal-ini,negatif
Potensi Besar BRI: UMKM Rencana Akuisisi dan Direksi Muda,detikFinance,"Jumat, 22 Jan 2021 22:13 WIB",https://finance.detik.com/bursa-dan-valas/d-5345176/potensi-besar-bri-umkm-rencana-akuisisi-dan-direksi-muda,negatif
Daripada Rp 75 Juta buat Open BO Mending Beli Emas 80 Gram,detikFinance,"Sabtu, 19 Des 2020 16:00 WIB",https://finance.detik.com/berita-ekonomi-bisnis/d-5301748/daripada-rp-75-juta-buat-open-bo-mending-beli-emas-80-gram,negatif
Investor Asing Ramai-ramai Lepas 5 Saham Blue Chip Ini,detikFinance,"Kamis, 12 Nov 2020 10:03 WIB",https://finance.detik.com/berita-ekonomi-bisnis/d-5251751/investor-asing-ramai-ramai-lepas-5-saham-blue-chip-ini,positif
Mirae Asset: IHSG Diperkirakan Menguat Sambut Joe Biden,detikFinance,"Senin, 09 Nov 2020 08:58 WIB",https://finance.detik.com/market-research/d-5247060/mirae-asset-ihsg-diperkirakan-menguat-sambut-joe-biden,positif
Ini Produk Investasi yang Sempat Mati Suri tapi Cocok Buat Milenial,detikFinance,"Selasa, 03 Nov 2020 20:10 WIB",https://finance.detik.com/bursa-dan-valas/d-5240301/ini-produk-investasi-yang-sempat-mati-suri-tapi-cocok-buat-milenial,positif
Laba BCA Turun 42% Jadi Rp 20 T hingga September,detikFinance,"Senin, 26 Okt 2020 16:06 WIB",https://finance.detik.com/moneter/d-5229342/laba-bca-turun-4-2-jadi-rp-20-t-hingga-september,positif
Simak Rekomendasi Saham buat Bekal Trading Besok,detikFinance,"Minggu, 04 Okt 2020 08:00 WIB",https://finance.detik.com/bursa-dan-valas/d-5198944/simak-rekomendasi-saham-buat-bekal-trading-besok,positif
Apa Tujuan Direksi BCA Ramai-ramai Lepas Saham Rp 20 M?,detikFinance,"Senin, 13 Jul 2020 18:00 WIB",https://finance.detik.com/bursa-dan-valas/d-5091806/apa-tujuan-direksi-bca-ramai-ramai-lepas-saham-rp-20-m,negatif
Dirut BCA Buka-bukaan Soal Direksi Jual Saham Perusahaan Rp 20 M,detikFinance,"Senin, 13 Jul 2020 13:13 WIB",https://finance.detik.com/bursa-dan-valas/d-5091276/dirut-bca-buka-bukaan-soal-direksi-jual-saham-perusahaan-rp-20-m,negatif
3 Fakta Direksi BCA Ramai Ramai Jual Saham Rp 20 M,detikFinance,"Senin, 13 Jul 2020 11:33 WIB",https://finance.detik.com/bursa-dan-valas/d-5091118/3-fakta-direksi-bca-ramai-ramai-jual-saham-rp-20-m,negatif
5 Direksi BCA Ramai-ramai Jual Saham Total Rp 20 M Dilepas,detikFinance,"Senin, 13 Jul 2020 10:58 WIB",https://finance.detik.com/bursa-dan-valas/d-5091036/5-direksi-bca-ramai-ramai-jual-saham-total-rp-20-m-dilepas,negatif
IHSG Diramal Menguat Respons Penurunan Bunga Acuan BI,detikFinance,"Jumat, 19 Jun 2020 08:55 WIB",https://finance.detik.com/market-research/d-5059664/ihsg-diramal-menguat-respons-penurunan-bunga-acuan-bi,negatif
Bunga Kartu Kredit BCA Turun,detikFinance,"Selasa, 28 Apr 2020 11:30 WIB",https://finance.detik.com/moneter/d-4994065/bunga-kartu-kredit-bca-turun,positif
IHSG Diperkirakan Melemah Pagi Ini,detikFinance,"Rabu, 22 Apr 2020 08:45 WIB",https://finance.detik.com/market-research/d-4986061/ihsg-diperkirakan-melemah-pagi-ini,negatif
IHSG Diperkirakan Melemah di Awal Pekan,detikFinance,"Senin, 06 Apr 2020 08:32 WIB",https://finance.detik.com/market-research/d-4966410/ihsg-diperkirakan-melemah-di-awal-pekan,negatif
IHSG Diproyeksi Melemah Lagi,detikFinance,"Kamis, 02 Apr 2020 08:44 WIB",https://finance.detik.com/bursa-dan-valas/d-4961979/ihsg-diproyeksi-melemah-lagi,positif
Bos dan Direksi Borong Saham BCA Saat Harga Turun,detikFinance,"Selasa, 31 Mar 2020 09:46 WIB",https://finance.detik.com/bursa-dan-valas/d-4959258/bos-dan-direksi-borong-saham-bca-saat-harga-turun,negatif
Corona Bikin Bursa Saham Anjlok Investor Jangan Panik!,detikFinance,"Selasa, 03 Mar 2020 11:30 WIB",https://finance.detik.com/bursa-dan-valas/d-4923057/corona-bikin-bursa-saham-anjlok-investor-jangan-panik,negatif
BCA Cetak Laba Bersih Rp 286 T Sepanjang 2019,detikFinance,"Kamis, 20 Feb 2020 18:55 WIB",https://finance.detik.com/moneter/d-4907673/bca-cetak-laba-bersih-rp-28-6-t-sepanjang-2019,negatif
Pembagian Dividen Dorong Laju IHSG,detikFinance,"Kamis, 20 Feb 2020 08:55 WIB",https://finance.detik.com/market-research/d-4906496/pembagian-dividen-dorong-laju-ihsg,negatif
IHSG Berpotensi Menguat Pagi Ini,detikFinance,"Rabu, 19 Feb 2020 08:51 WIB",https://finance.detik.com/market-research/d-4905007/ihsg-berpotensi-menguat-pagi-ini,negatif
BCA dan Bank Mandiri Angkat Suara soal M-Banking Eror,detikFinance,"Kamis, 30 Jan 2020 13:49 WIB",https://finance.detik.com/moneter/d-4879175/bca-dan-bank-mandiri-angkat-suara-soal-m-banking-eror,negatif
IHSG Berpeluang Menguat ke 6.325,detikFinance,"Jumat, 17 Jan 2020 08:55 WIB",https://finance.detik.com/market-research/d-4862572/ihsg-berpeluang-menguat-ke-6-325,negatif
IHSG Diprediksi Merah Awal Pekan,detikFinance,"Senin, 06 Jan 2020 08:49 WIB",https://finance.detik.com/market-research/d-4847666/ihsg-diprediksi-merah-awal-pekan,positif
Menebak Jumlah Harta Duo Hartono Jika Harga Saham BCA Naik,detikFinance,"Selasa, 24 Des 2019 16:30 WIB",https://finance.detik.com/bursa-dan-valas/d-4834496/menebak-jumlah-harta-duo-hartono-jika-harga-saham-bca-naik,positif
IHSG Diperkirakan Menguat di Awal Pekan,detikFinance,"Senin, 09 Des 2019 08:54 WIB",https://finance.detik.com/market-research/d-4815006/ihsg-diperkirakan-menguat-di-awal-pekan,negatif
Jelang Pelantikan Jokowi IHSG Ditutup Hijau ke 6.191,detikFinance,"Jumat, 18 Okt 2019 16:23 WIB",https://finance.detik.com/bursa-dan-valas/d-4751066/jelang-pelantikan-jokowi-ihsg-ditutup-hijau-ke-6-191,positif
Kontras Dengan Bursa Asia IHSG Ditutup Hijau di 6.188,detikFinance,"Jumat, 18 Okt 2019 12:35 WIB",https://finance.detik.com/bursa-dan-valas/d-4750695/kontras-dengan-bursa-asia-ihsg-ditutup-hijau-di-6-188,positif
210 Saham Menguat IHSG Naik Tipis ke 6.181,detikFinance,"Kamis, 17 Okt 2019 16:40 WIB",https://finance.detik.com/bursa-dan-valas/d-4749747/210-saham-menguat-ihsg-naik-tipis-ke-6-181,positif
Naik Tipis IHSG Ditutup Stagnan di 6.177,detikFinance,"Kamis, 17 Okt 2019 12:30 WIB",https://finance.detik.com/bursa-dan-valas/d-4749321/naik-tipis-ihsg-ditutup-stagnan-di-6-177,positif
Mengekor Bursa Asia IHSG Lengser ke 6.124,detikFinance,"Selasa, 15 Okt 2019 12:23 WIB",https://finance.detik.com/bursa-dan-valas/d-4746787/mengekor-bursa-asia-ihsg-lengser-ke-6-124,negatif
Hijau Seharian IHSG Terkerek ke Level 6.126,detikFinance,"Senin, 14 Okt 2019 16:23 WIB",https://finance.detik.com/bursa-dan-valas/d-4745338/hijau-seharian-ihsg-terkerek-ke-level-6-126,negatif
Dirut-Komut BCA Kompak Jual Saham,detikFinance,"Senin, 07 Okt 2019 20:35 WIB",https://finance.detik.com/bursa-dan-valas/d-4737431/dirut-komut-bca-kompak-jual-saham,positif
Turun 30 Poin IHSG Berbalik Negatif ke 6.031,detikFinance,"Senin, 07 Okt 2019 12:45 WIB",https://finance.detik.com/bursa-dan-valas/d-4736546/turun-30-poin-ihsg-berbalik-negatif-ke-6-031,positif
IHSG Diproyeksi Lanjutkan Pelemahan,detikFinance,"Rabu, 02 Okt 2019 08:45 WIB",https://finance.detik.com/market-research/d-4730074/ihsg-diproyeksi-lanjutkan-pelemahan,positif
Demo Mahasiswa Mulai Surut IHSG Masih Merah,detikFinance,"Rabu, 25 Sep 2019 12:17 WIB",https://finance.detik.com/bursa-dan-valas/d-4721147/demo-mahasiswa-mulai-surut-ihsg-masih-merah,positif
OSO: IHSG Bakal Lanjutkan Pelemahan,detikFinance,"Selasa, 03 Sep 2019 08:51 WIB",https://finance.detik.com/market-research/d-4691220/oso-ihsg-bakal-lanjutkan-pelemahan,negatif
Rupiah Menguat IHSG Ditutup Positif ke 6.282,detikFinance,"Jumat, 09 Agu 2019 16:33 WIB",https://finance.detik.com/bursa-dan-valas/d-4659351/rupiah-menguat-ihsg-ditutup-positif-ke-6-282,negatif
Naik Tipis IHSG Ditutup Hijau di 6.280,detikFinance,"Jumat, 09 Agu 2019 12:03 WIB",https://finance.detik.com/bursa-dan-valas/d-4658846/naik-tipis-ihsg-ditutup-hijau-di-6-280,negatif
Dolar AS Menjinak IHSG Ditutup Cemerlang ke 6.204,detikFinance,"Rabu, 07 Agu 2019 16:30 WIB",https://finance.detik.com/bursa-dan-valas/d-4656173/dolar-as-menjinak-ihsg-ditutup-cemerlang-ke-6-204,positif
Melonjak 14% IHSG Ditutup Perkasa di 6.206,detikFinance,"Rabu, 07 Agu 2019 12:17 WIB",https://finance.detik.com/bursa-dan-valas/d-4655670/melonjak-1-4-ihsg-ditutup-perkasa-di-6-206,positif
Seharian Merah IHSG Ditutup di Level 6.119,detikFinance,"Selasa, 06 Agu 2019 17:21 WIB",https://finance.detik.com/bursa-dan-valas/d-4654753/seharian-merah-ihsg-ditutup-di-level-6-119,positif
Bursa Asia Melemah IHSG Parkir di 6.115,detikFinance,"Selasa, 06 Agu 2019 12:32 WIB",https://finance.detik.com/bursa-dan-valas/d-4654174/bursa-asia-melemah-ihsg-parkir-di-6-115,positif
Listrik Byarpet IHSG Anjlok ke 6.229,detikFinance,"Senin, 05 Agu 2019 12:38 WIB",https://finance.detik.com/bursa-dan-valas/d-4652605/listrik-byarpet-ihsg-anjlok-ke-6-229,positif
IHSG Melempem di Jeda Siang,detikFinance,"Rabu, 24 Jul 2019 12:36 WIB",https://finance.detik.com/bursa-dan-valas/d-4637269/ihsg-melempem-di-jeda-siang,negatif
Berlawanan Bursa Asia IHSG Ditutup Negatif,detikFinance,"Selasa, 23 Jul 2019 17:09 WIB",https://finance.detik.com/bursa-dan-valas/d-4636266/berlawanan-bursa-asia-ihsg-ditutup-negatif,negatif
IHSG Ditutup Melemah ke 6.433,detikFinance,"Senin, 22 Jul 2019 16:32 WIB",https://finance.detik.com/bursa-dan-valas/d-4634727/ihsg-ditutup-melemah-ke-6-433,negatif
IHSG Diprediksi Bergerak Mixed Cenderung Melemah,detikFinance,"Senin, 22 Jul 2019 08:57 WIB",https://finance.detik.com/market-research/d-4634018/ihsg-diprediksi-bergerak-mixed-cenderung-melemah,negatif
Transaksi Tembus Rp 58 T IHSG Stagnan di 6.393,detikFinance,"Kamis, 18 Jul 2019 12:35 WIB",https://finance.detik.com/bursa-dan-valas/d-4629438/transaksi-tembus-rp-5-8-t-ihsg-stagnan-di-6-393,positif
Loyo Seharian IHSG Ditutup Merah di 6.394,detikFinance,"Rabu, 17 Jul 2019 16:57 WIB",https://finance.detik.com/bursa-dan-valas/d-4628328/loyo-seharian-ihsg-ditutup-merah-di-6-394,positif
Banyak Sentimen Positif IHSG Naik 45 Poin,detikFinance,"Senin, 15 Jul 2019 16:36 WIB",https://finance.detik.com/bursa-dan-valas/d-4625022/banyak-sentimen-positif-ihsg-naik-45-poin,positif
Kompak Bareng Rupiah IHSG Ditutup Perkasa di 6.426,detikFinance,"Senin, 15 Jul 2019 12:27 WIB",https://finance.detik.com/bursa-dan-valas/d-4624532/kompak-bareng-rupiah-ihsg-ditutup-perkasa-di-6-426,positif
Begini Perdikisi Laju IHSG Akhir Pekan,detikFinance,"Jumat, 12 Jul 2019 08:51 WIB",https://finance.detik.com/market-research/d-4621085/begini-perdikisi-laju-ihsg-akhir-pekan,positif
Menguat Seharian IHSG Ditutup Perkasa di 6.388,detikFinance,"Selasa, 09 Jul 2019 16:23 WIB",https://finance.detik.com/bursa-dan-valas/d-4617125/menguat-seharian-ihsg-ditutup-perkasa-di-6-388,positif
Seharian Negatif IHSG Ditutup Merah di 6.351,detikFinance,"Senin, 08 Jul 2019 16:29 WIB",https://finance.detik.com/bursa-dan-valas/d-4615681/seharian-negatif-ihsg-ditutup-merah-di-6-351,positif
Transaksi Tembus Rp 19 T IHSG Ditutup Naik Tipis ke 6.358,detikFinance,"Jumat, 28 Jun 2019 16:38 WIB",https://finance.detik.com/bursa-dan-valas/d-4604143/transaksi-tembus-rp-19-t-ihsg-ditutup-naik-tipis-ke-6-358,positif
Diwarnai Pembacaan Putusan MK IHSG Ditutup Hijau di 6.352,detikFinance,"Kamis, 27 Jun 2019 16:27 WIB",https://finance.detik.com/bursa-dan-valas/d-4602680/diwarnai-pembacaan-putusan-mk-ihsg-ditutup-hijau-di-6-352,positif
OSO Securities: Buka Awal Pekan IHSG Diproyeksi Kembali Menguat,detikFinance,"Senin, 24 Jun 2019 08:50 WIB",https://finance.detik.com/market-research/d-4597419/oso-securities-buka-awal-pekan-ihsg-diproyeksi-kembali-menguat,positif
Rawan Profit Taking IHSG Diperkirakan Melemah ke 6.207,detikFinance,"Rabu, 12 Jun 2019 08:50 WIB",https://finance.detik.com/market-research/d-4583072/rawan-profit-taking-ihsg-diperkirakan-melemah-ke-6-207,negatif
Lompat 136% IHSG Parkir di 6.293,detikFinance,"Senin, 10 Jun 2019 12:26 WIB",https://finance.detik.com/bursa-dan-valas/d-4581000/lompat-1-36-ihsg-parkir-di-6-293,negatif
Jelang Libur Panjang IHSG Ditutup Positif ke 6.160,detikFinance,"Jumat, 31 Mei  2019 12:13 WIB",https://finance.detik.com/bursa-dan-valas/d-4571853/jelang-libur-panjang-ihsg-ditutup-positif-ke-6-160,positif
Profit Taking Jelang Libur Panjang IHSG Ditutup Anjlok ke 6.033,detikFinance,"Selasa, 28 Mei  2019 16:58 WIB",https://finance.detik.com/bursa-dan-valas/d-4568556/profit-taking-jelang-libur-panjang-ihsg-ditutup-anjlok-ke-6-033,positif
Dolar AS Menguat IHSG Ditutup Hijau ke 6.101,detikFinance,"Senin, 27 Mei  2019 12:25 WIB",https://finance.detik.com/bursa-dan-valas/d-4566481/dolar-as-menguat-ihsg-ditutup-hijau-ke-6-101,positif
Aksi 22 Mei Reda IHSG Ditutup Menguat ke 6.032,detikFinance,"Kamis, 23 Mei  2019 16:25 WIB",https://finance.detik.com/bursa-dan-valas/d-4562448/aksi-22-mei-reda-ihsg-ditutup-menguat-ke-6-032,positif
Pasca Aksi 22 Mei IHSG Tembus 6.000 Lagi,detikFinance,"Kamis, 23 Mei  2019 12:12 WIB",https://finance.detik.com/bursa-dan-valas/d-4562022/pasca-aksi-22-mei-ihsg-tembus-6-000-lagi,positif
Come Back! IHSG Ditutup Hijau ke 5.907,detikFinance,"Senin, 20 Mei  2019 16:47 WIB",https://finance.detik.com/bursa-dan-valas/d-4557166/come-back-ihsg-ditutup-hijau-ke-5-907,positif
Rebound IHSG Ditutup Menguat 39 Poin ke 5.866,detikFinance,"Senin, 20 Mei  2019 12:30 WIB",https://finance.detik.com/bursa-dan-valas/d-4556648/rebound-ihsg-ditutup-menguat-39-poin-ke-5-866,positif
IHSG Diperkirakan Kembali Loyo,detikFinance,"Senin, 20 Mei  2019 08:47 WIB",https://finance.detik.com/market-research/d-4556339/ihsg-diperkirakan-kembali-loyo,positif
OSO Securities: IHSG Berpeluang Rebound ke 6.179,detikFinance,"Rabu, 15 Mei  2019 08:50 WIB",https://finance.detik.com/market-research/d-4549864/oso-securities-ihsg-berpeluang-rebound-ke-6-179,negatif
Semua Sektor Saham 'Berdarah' IHSG Ditutup Negatif ke 6.270,detikFinance,"Rabu, 08 Mei  2019 16:52 WIB",https://finance.detik.com/bursa-dan-valas/d-4541374/semua-sektor-saham-berdarah-ihsg-ditutup-negatif-ke-6-270,negatif
Jeda Siang IHSG Bergerak Positif ke 6.296,detikFinance,"Selasa, 07 Mei  2019 12:23 WIB",https://finance.detik.com/bursa-dan-valas/d-4539259/jeda-siang-ihsg-bergerak-positif-ke-6-296,negatif
OSO Securities: IHSG Berpeluang Menguat,detikFinance,"Selasa, 07 Mei  2019 08:45 WIB",https://finance.detik.com/market-research/d-4538913/oso-securities-ihsg-berpeluang-menguat,negatif
Beda Nasib dengan Rupiah IHSG Ditutup Positif ke Level 6.425,detikFinance,"Senin, 29 Apr 2019 16:30 WIB",https://finance.detik.com/bursa-dan-valas/d-4529450/beda-nasib-dengan-rupiah-ihsg-ditutup-positif-ke-level-6-425,positif
IHSG Diproyeksi Rem Penguatan Hari Ini,detikFinance,"Senin, 22 Apr 2019 08:45 WIB",https://finance.detik.com/market-research/d-4519442/ihsg-diproyeksi-rem-penguatan-hari-ini,positif
IHSG Menguat ke 6.507 Dolar AS Berbalik ke Rp 14.000,detikFinance,"Kamis, 18 Apr 2019 16:54 WIB",https://finance.detik.com/bursa-dan-valas/d-4516358/ihsg-menguat-ke-6-507-dolar-as-berbalik-ke-rp-14-000,positif
OSO Securities: IHSG Intip Penguatan Jelang Rilis Cadangan Devisa,detikFinance,"Senin, 08 Apr 2019 08:40 WIB",https://finance.detik.com/market-research/d-4500720/oso-securities-ihsg-intip-penguatan-jelang-rilis-cadangan-devisa,positif
OSO Securities: IHSG Berpeluang Menguat ke 6.525,detikFinance,"Kamis, 04 Apr 2019 08:53 WIB",https://finance.detik.com/market-research/d-4496034/oso-securities-ihsg-berpeluang-menguat-ke-6-525,negatif
IHSG Tutup Akhir Pekan Negatif ke Level 6.468,detikFinance,"Jumat, 29 Mar 2019 16:39 WIB",https://finance.detik.com/bursa-dan-valas/d-4489009/ihsg-tutup-akhir-pekan-negatif-ke-level-6-468,negatif
OSO Securities: IHSG Bergerak Menguat di Kisaran 6.460-6.537,detikFinance,"Jumat, 29 Mar 2019 08:49 WIB",https://finance.detik.com/market-research/d-4488176/oso-securities-ihsg-bergerak-menguat-di-kisaran-6-460-6-537,negatif
OSO Securities: IHSG Hari Ini akan Menguat Terbatas,detikFinance,"Kamis, 21 Mar 2019 09:52 WIB",https://finance.detik.com/bursa-dan-valas/d-4477063/oso-securities-ihsg-hari-ini-akan-menguat-terbatas,negatif
IHSG Tutup Negatif Sore Ini,detikFinance,"Selasa, 19 Mar 2019 16:52 WIB",https://finance.detik.com/bursa-dan-valas/d-4474664/ihsg-tutup-negatif-sore-ini,negatif
Dolar AS Bergejolak IHSG Keok ke Level 6.373,detikFinance,"Senin, 11 Mar 2019 12:37 WIB",https://finance.detik.com/bursa-dan-valas/d-4461932/dolar-as-bergejolak-ihsg-keok-ke-level-6-373,negatif
OSO Securities: IHSG Diperkirakan Melemah di 6.374-6.472,detikFinance,"Jumat, 01 Mar 2019 08:47 WIB",https://finance.detik.com/market-research/d-4449022/oso-securities-ihsg-diperkirakan-melemah-di-6-374-6-472,negatif
OSO Securities: IHSG Cenderung Menguat,detikFinance,"Rabu, 27 Feb 2019 08:42 WIB",https://finance.detik.com/market-research/d-4445645/oso-securities-ihsg-cenderung-menguat,negatif
Mau Akuisisi Bank Kecil BCA: Namanya Kita Nggak Sebut Dulu,detikFinance,"Sabtu, 23 Feb 2019 21:51 WIB",https://finance.detik.com/moneter/d-4440937/mau-akuisisi-bank-kecil-bca-namanya-kita-nggak-sebut-dulu,positif
OSO Securities: Jelang Rilis Bunga Acuan IHSG Diproyeksi Hijau,detikFinance,"Kamis, 21 Feb 2019 08:40 WIB",https://finance.detik.com/market-research/d-4437329/oso-securities-jelang-rilis-bunga-acuan-ihsg-diproyeksi-hijau,positif
Transaksi Tembus Rp 101 T IHSG Kembali (Lagi) ke 6.512,detikFinance,"Rabu, 20 Feb 2019 16:10 WIB",https://finance.detik.com/bursa-dan-valas/d-4437666/transaksi-tembus-rp-10-1-t-ihsg-kembali-lagi-ke-6-512,positif
Dolar AS Serang Balik IHSG Ditutup Negatif ke 6.489,detikFinance,"Rabu, 20 Feb 2019 12:49 WIB",https://finance.detik.com/bursa-dan-valas/d-4436137/dolar-as-serang-balik-ihsg-ditutup-negatif-ke-6-489,positif
IHSG Lengser (Lagi) Dari 6.500,detikFinance,"Selasa, 19 Feb 2019 16:29 WIB",https://finance.detik.com/bursa-dan-valas/d-4434992/ihsg-lengser-lagi-dari-6-500,positif
OSO Securities: IHSG Diperkirakan Tembus 6.563,detikFinance,"Selasa, 19 Feb 2019 08:55 WIB",https://finance.detik.com/market-research/d-4434199/oso-securities-ihsg-diperkirakan-tembus-6-563,positif
263 Saham Hijau IHSG Melambung 12% ke 6.466,detikFinance,"Senin, 18 Feb 2019 13:04 WIB",https://finance.detik.com/bursa-dan-valas/d-4432981/263-saham-hijau-ihsg-melambung-1-2-ke-6-466,positif
OSO Securities: IHSG Diperkirakan Menguat,detikFinance,"Rabu, 06 Feb 2019 08:40 WIB",https://finance.detik.com/market-research/d-4415477/oso-securities-ihsg-diperkirakan-menguat,negatif
Lengser dari 6.500 IHSG Parkir di 6.481,detikFinance,"Senin, 04 Feb 2019 16:30 WIB",https://finance.detik.com/bursa-dan-valas/d-4413837/lengser-dari-6-500-ihsg-parkir-di-6-481,positif
Turun 37 Poin IHSG Menukik ke 6.501,detikFinance,"Senin, 04 Feb 2019 12:40 WIB",https://finance.detik.com/bursa-dan-valas/d-4413388/turun-37-poin-ihsg-menukik-ke-6-501,positif
Bos BCA Khawatir Rebutan Likuiditas dengan Pemerintah,detikFinance,"Rabu, 30 Jan 2019 20:48 WIB",https://finance.detik.com/moneter/d-4407793/bos-bca-khawatir-rebutan-likuiditas-dengan-pemerintah,positif
Bergerak Stagnan IHSG Ditutup di Level 6.466,detikFinance,"Kamis, 24 Jan 2019 16:35 WIB",https://finance.detik.com/bursa-dan-valas/d-4398969/bergerak-stagnan-ihsg-ditutup-di-level-6-466,positif
Bertahan di Zona Hijau IHSG Ditutup Menguat Terbatas,detikFinance,"Kamis, 24 Jan 2019 12:28 WIB",https://finance.detik.com/bursa-dan-valas/d-4398454/bertahan-di-zona-hijau-ihsg-ditutup-menguat-terbatas,positif
OSO: Hati-hati IHSG Diprediksi Melemah,detikFinance,"Kamis, 24 Jan 2019 08:50 WIB",https://finance.detik.com/market-research/d-4398139/oso-hati-hati-ihsg-diprediksi-melemah,positif
Gagal Bertahan IHSG Terjungkal ke Level 6.451,detikFinance,"Rabu, 23 Jan 2019 16:30 WIB",https://finance.detik.com/bursa-dan-valas/d-4397205/gagal-bertahan-ihsg-terjungkal-ke-level-6-451,positif
Berbalik dari Zona Merah IHSG Menguat ke 6.476,detikFinance,"Rabu, 23 Jan 2019 12:35 WIB",https://finance.detik.com/bursa-dan-valas/d-4396645/berbalik-dari-zona-merah-ihsg-menguat-ke-6-476,positif
Balik ke Zona Hijau IHSG Ditutup Menguat ke 6.448,detikFinance,"Jumat, 18 Jan 2019 16:44 WIB",https://finance.detik.com/bursa-dan-valas/d-4390755/balik-ke-zona-hijau-ihsg-ditutup-menguat-ke-6-448,positif
OSO Securities: IHSG Diperkirakan Melemah 6.333-6.461,detikFinance,"Jumat, 18 Jan 2019 08:50 WIB",https://finance.detik.com/market-research/d-4390003/oso-securities-ihsg-diperkirakan-melemah-6-333-6-461,positif
Seharian Negatif IHSG Ditutup Merosot ke 6.336,detikFinance,"Senin, 14 Jan 2019 16:41 WIB",https://finance.detik.com/bursa-dan-valas/d-4384114/seharian-negatif-ihsg-ditutup-merosot-ke-6-336,positif
Turun 54 Poin IHSG Lanjutkan Pelemahan ke 6.306,detikFinance,"Senin, 14 Jan 2019 12:32 WIB",https://finance.detik.com/bursa-dan-valas/d-4383745/turun-54-poin-ihsg-lanjutkan-pelemahan-ke-6-306,positif
OSO Securities: IHSG Berpeluang Menguat di Kisaran 6.317,detikFinance,"Selasa, 08 Jan 2019 08:50 WIB",https://finance.detik.com/market-research/d-4375112/oso-securities-ihsg-berpeluang-menguat-di-kisaran-6-317,positif
Jeda Siang IHSG Bergerak Positif ke 6.328,detikFinance,"Senin, 07 Jan 2019 12:35 WIB",https://finance.detik.com/bursa-dan-valas/d-4373766/jeda-siang-ihsg-bergerak-positif-ke-6-328,positif
Asing Ikut Danai Proyek Tol Cipali yang Disebut Sandi Tanpa Utang,detikFinance,"Kamis, 03 Jan 2019 14:24 WIB",https://finance.detik.com/infrastruktur/d-4369574/asing-ikut-danai-proyek-tol-cipali-yang-disebut-sandi-tanpa-utang,positif
IHSG Lanjutkan Penguatan ke 6.197,detikFinance,"Kamis, 03 Jan 2019 12:21 WIB",https://finance.detik.com/bursa-dan-valas/d-4369339/ihsg-lanjutkan-penguatan-ke-6-197,positif
Benarkah Sandi Bangun Tol Cikopo-Palimanan Tanpa Utang?,detikFinance,"Rabu, 02 Jan 2019 07:18 WIB",https://finance.detik.com/infrastruktur/d-4367474/benarkah-sandi-bangun-tol-cikopo-palimanan-tanpa-utang,negatif